mid,genre
1,4
2,1
3,4
4,7
5,4
6,15
7,4
8,3
9,0
10,15
11,13
12,4
13,2
14,7
15,13
16,5
17,7
18,4
19,4
20,4
21,5
22,7
23,15
24,7
25,13
26,7
27,3
28,7
29,7
30,7
31,7
32,15
34,7
35,7
36,7
37,6
38,3
39,4
40,7
41,7
42,7
43,7
44,8
45,15
46,7
47,12
48,7
49,13
50,5
52,4
53,1
54,3
55,7
57,7
58,13
59,7
60,8
61,15
62,7
63,4
64,13
65,4
66,14
68,13
69,4
70,0
71,0
72,4
73,16
74,13
76,0
77,6
78,15
79,15
80,3
81,13
82,7
83,7
84,4
85,7
86,7
87,4
88,4
89,15
92,10
93,13
94,13
95,15
96,7
97,5
98,15
99,6
100,15
101,1
102,4
103,14
104,4
105,7
107,11
108,6
110,7
111,15
112,1
113,12
114,7
116,6
117,5
118,4
119,4
121,7
122,13
123,12
124,7
125,4
126,1
129,4
130,7
131,7
132,15
135,4
137,6
140,7
141,4
144,4
145,15
146,1
147,7
148,7
149,15
150,7
151,13
152,10
153,4
154,7
155,7
156,7
157,4
158,1
159,5
160,12
161,7
162,6
163,13
164,12
165,15
166,5
167,7
168,7
169,3
170,5
171,4
172,14
173,0
174,4
175,7
176,4
177,10
178,7
179,7
180,13
181,3
183,10
184,7
185,5
186,4
187,4
188,8
189,8
190,15
191,7
193,7
194,4
195,7
196,14
198,0
199,13
200,15
201,7
202,13
203,4
204,0
205,7
206,6
207,7
208,1
209,7
211,7
213,7
214,16
215,13
216,4
217,7
218,4
219,7
220,10
222,13
223,4
224,13
225,7
227,15
228,4
229,15
230,7
231,4
232,4
233,7
234,4
235,7
236,0
237,4
238,1
239,4
240,15
241,3
242,7
243,8
244,2
245,7
246,6
247,7
248,4
249,7
250,3
251,0
252,13
253,10
254,7
255,4
256,4
257,12
258,3
259,15
260,14
261,7
262,3
263,7
264,7
265,7
266,7
267,4
268,5
269,7
270,13
271,7
272,7
273,14
274,4
275,4
276,13
277,7
278,4
279,7
280,7
281,13
282,7
283,7
285,7
287,13
288,15
289,13
290,5
291,15
292,15
293,7
294,4
295,4
296,7
299,7
300,7
301,7
302,7
303,15
304,4
305,4
306,7
307,7
308,4
309,7
312,4
313,3
314,7
315,0
316,0
317,4
318,5
319,7
320,15
321,7
322,7
324,4
325,4
326,7
327,4
328,10
329,1
330,10
331,7
332,10
333,4
334,7
335,12
336,16
337,7
338,0
339,4
340,7
341,7
342,4
343,3
344,4
345,4
346,7
347,7
348,4
349,0
350,12
351,13
352,7
353,0
354,7
355,3
356,7
357,13
358,7
360,0
361,13
362,3
363,6
364,7
365,7
366,12
367,0
368,4
369,7
370,0
371,4
372,7
373,15
374,3
375,7
376,0
377,13
378,4
379,14
380,4
381,7
382,13
383,17
384,7
387,0
388,7
389,7
390,7
391,5
392,2
393,1
401,15
405,0
407,15
408,7
409,7
410,4
412,7
413,4
414,4
415,15
416,17
417,4
418,7
419,4
420,0
421,1
422,15
423,15
424,7
425,13
426,14
427,13
428,7
429,4
431,5
432,1
433,4
434,0
435,4
436,7
437,4
438,4
439,7
440,4
441,4
442,14
443,1
444,13
445,4
446,7
447,4
448,7
449,4
450,4
451,12
452,7
453,4
454,15
455,3
456,5
457,15
458,7
459,1
460,4
461,7
463,7
464,0
465,7
466,4
467,4
468,13
469,7
470,4
471,4
472,7
473,16
474,15
475,7
476,4
477,7
479,15
480,14
481,15
482,7
483,7
484,1
485,1
486,4
487,4
488,7
489,4
490,15
491,7
492,4
493,5
494,1
495,7
496,13
497,4
498,7
499,13
500,4
501,7
502,3
504,14
505,4
506,8
507,5
508,7
509,13
510,7
511,0
512,14
513,13
514,4
515,7
516,7
517,7
518,4
519,15
520,4
521,5
522,0
523,7
524,7
526,7
527,16
528,4
529,7
531,7
532,4
533,12
534,7
535,7
536,7
537,7
538,7
539,7
540,15
541,0
542,7
543,4
544,5
546,0
547,15
548,15
549,11
550,13
551,11
552,13
553,17
554,7
555,5
556,6
558,3
559,4
561,7
562,4
563,13
564,4
565,7
567,4
568,4
569,4
571,13
573,7
574,7
575,3
577,3
580,7
581,6
582,4
585,4
586,4
587,8
588,1
589,14
590,7
592,0
593,15
594,8
595,13
596,2
597,4
599,17
600,5
603,4
605,13
606,8
608,15
609,3
610,14
611,10
612,4
613,7
614,15
615,4
616,2
617,4
619,4
620,7
621,7
626,4
627,7
628,15
630,13
631,1
632,7
633,4
635,4
637,4
638,13
639,7
640,15
647,16
648,0
650,7
651,4
653,1
656,4
659,15
661,8
662,15
663,4
664,4
665,4
667,0
668,7
670,7
671,4
673,14
674,4
678,15
679,7
680,12
681,5
685,7
687,7
688,16
690,7
691,4
692,14
694,0
695,12
696,7
697,7
698,7
700,4
702,7
703,7
704,0
705,4
707,5
708,4
709,1
710,4
711,1
714,17
715,7
718,14
719,4
720,2
721,7
722,6
724,15
725,4
726,7
728,4
731,5
733,1
735,10
736,13
737,14
741,2
742,15
743,4
745,2
746,9
747,4
748,15
750,4
753,13
754,1
755,7
756,6
757,7
759,6
760,16
761,1
762,4
764,13
765,4
766,7
767,7
769,6
775,12
778,4
779,13
780,15
781,7
782,7
783,3
784,15
785,4
786,7
787,6
788,14
793,7
798,1
799,10
800,7
801,3
802,13
803,7
804,4
805,15
806,5
808,3
809,1
810,3
813,4
816,7
818,4
820,7
824,12
828,3
829,4
830,4
831,7
832,5
833,4
834,4
835,7
836,0
837,4
838,4
839,15
840,4
841,10
842,4
844,7
845,7
846,7
848,7
849,14
850,7
851,7
852,4
854,7
858,5
861,5
864,7
865,7
866,5
867,5
869,15
870,4
872,7
875,0
876,15
879,15
880,15
881,4
882,15
885,8
886,4
888,3
889,7
891,10
892,13
893,7
896,7
897,1
898,4
899,4
900,13
901,11
902,13
903,15
904,15
905,13
906,15
907,4
908,0
909,7
910,4
911,13
912,13
913,9
914,4
915,4
916,7
917,7
918,11
919,1
920,7
921,4
922,9
923,7
924,7
926,7
927,4
928,12
929,7
930,15
931,15
932,7
933,15
934,4
935,4
936,13
937,4
938,11
939,4
940,0
941,1
942,9
943,7
944,7
945,4
946,7
947,13
948,13
949,7
950,4
951,13
952,1
953,7
954,7
955,13
956,7
957,7
960,7
961,7
962,5
963,11
964,17
965,15
966,7
968,10
969,4
970,1
971,7
972,7
973,7
976,16
980,0
981,7
982,7
984,4
986,1
987,13
988,4
990,1
991,7
992,15
994,7
996,5
997,15
998,5
999,9
1003,7
1004,15
1005,3
1006,7
1007,3
1008,1
1009,8
1010,3
1011,13
1012,3
1013,3
1014,3
1015,1
1016,3
1017,1
1018,12
1019,1
1020,4
1021,4
1022,3
1023,3
1024,2
1025,3
1026,3
1027,7
1028,8
1029,2
1030,11
1031,11
1032,11
1033,2
1034,15
1035,13
1036,0
1037,10
1040,7
1041,7
1042,7
1043,7
1044,7
1046,7
1047,0
1049,0
1050,6
1051,7
1053,7
1054,7
1055,15
1056,7
1057,4
1059,13
1060,7
1061,15
1063,7
1064,11
1066,11
1067,13
1068,9
1069,5
1073,3
1076,15
1077,4
1078,16
1079,5
1080,4
1081,11
1082,7
1083,4
1084,7
1085,7
1086,5
1087,11
1088,13
1089,15
1090,16
1091,4
1092,5
1093,7
1094,13
1095,7
1096,7
1097,3
1099,8
1100,0
1101,0
1103,7
1104,7
1105,10
1111,6
1112,0
1113,4
1114,7
1120,7
1123,6
1124,7
1125,4
1126,8
1127,1
1128,10
1129,14
1130,12
1131,12
1132,7
1133,7
1135,4
1136,4
1137,13
1145,6
1147,6
1148,4
1150,7
1151,8
1152,5
1153,9
1154,9
1161,7
1162,7
1163,7
1164,7
1165,15
1167,4
1168,0
1169,6
1171,4
1172,7
1173,4
1174,4
1175,7
1176,8
1177,13
1178,7
1179,7
1180,4
1181,17
1183,13
1184,7
1185,7
1186,7
1187,7
1188,4
1189,6
1190,5
1191,6
1192,6
1193,7
1194,4
1196,0
1197,0
1198,0
1199,14
1200,0
1201,0
1202,4
1203,7
1204,16
1206,14
1207,7
1208,7
1209,7
1210,1
1211,7
1212,9
1213,5
1214,10
1215,1
1216,13
1217,7
1218,5
1219,5
1220,11
1221,7
1222,16
1223,3
1224,16
1225,7
1226,7
1227,5
1228,7
1230,4
1231,7
1232,12
1233,7
1234,4
1235,13
1236,4
1237,7
1238,4
1240,15
1241,10
1242,7
1243,4
1244,4
1245,15
1246,7
1247,13
1248,9
1249,15
1250,16
1251,8
1252,9
1253,7
1254,0
1255,4
1256,16
1257,13
1258,10
1259,7
1260,15
1261,8
1262,0
1263,16
1264,12
1265,4
1266,17
1267,15
1268,4
1269,15
1270,4
1271,5
1272,16
1273,4
1274,0
1275,1
1276,7
1277,7
1278,8
1279,4
1280,7
1281,4
1282,3
1283,17
1284,12
1285,4
1286,7
1287,0
1288,4
1289,6
1290,13
1291,1
1292,7
1293,7
1295,7
1296,13
1297,4
1298,7
1299,16
1300,4
1301,14
1302,8
1303,7
1304,17
1305,13
1306,1
1307,4
1310,6
1311,4
1312,7
1317,4
1320,10
1321,15
1322,10
1323,10
1324,10
1325,10
1326,10
1327,10
1328,10
1329,10
1330,10
1331,10
1332,10
1333,10
1334,10
1335,12
1336,15
1337,10
1339,15
1340,10
1341,10
1342,10
1343,15
1344,7
1345,7
1346,8
1347,10
1348,10
1349,10
1350,15
1351,7
1352,5
1353,13
1354,7
1355,15
1356,0
1357,7
1358,7
1359,4
1361,6
1363,7
1365,7
1366,7
1367,3
1369,15
1370,1
1371,14
1372,12
1373,14
1374,15
1375,1
1376,1
1377,0
1378,17
1379,17
1380,4
1381,11
1382,7
1384,7
1385,0
1387,0
1388,15
1389,10
1390,4
1391,4
1392,7
1393,13
1394,4
1395,4
1396,14
1397,7
1398,13
1399,7
1401,7
1404,7
1405,2
1406,5
1407,4
1408,0
1409,4
1410,4
1411,5
1413,7
1414,4
1415,7
1416,7
1417,7
1419,1
1420,6
1422,15
1423,7
1425,4
1427,15
1428,7
1429,0
1430,15
1431,4
1432,7
1433,14
1437,7
1438,15
1440,4
1441,13
1442,7
1444,4
1445,16
1446,7
1447,5
1449,4
1450,16
1453,13
1454,4
1455,4
1456,4
1457,4
1458,8
1459,15
1460,3
1461,4
1463,13
1464,7
1465,7
1466,5
1468,4
1472,15
1473,0
1474,4
1475,13
1476,7
1479,14
1480,15
1482,7
1483,7
1484,13
1485,4
1487,11
1488,7
1489,3
1490,4
1493,13
1495,3
1497,0
1498,13
1499,15
1500,5
1501,5
1502,13
1503,4
1504,7
1507,7
1508,7
1513,4
1515,0
1516,4
1517,0
1518,0
1523,5
1525,3
1526,4
1527,0
1529,4
1531,7
1532,4
1535,13
1537,4
1539,5
1541,4
1542,7
1543,7
1544,1
1545,7
1546,4
1549,13
1550,13
1552,1
1554,13
1555,7
1556,0
1562,1
1563,7
1564,4
1566,2
1569,4
1570,14
1571,13
1572,7
1573,0
1575,7
1580,0
1581,4
1582,3
1583,8
1584,14
1586,0
1587,1
1588,3
1589,5
1590,10
1591,1
1592,4
1593,13
1594,7
1595,1
1596,7
1597,13
1598,15
1599,0
1600,13
1601,5
1602,4
1603,14
1604,0
1605,13
1606,1
1608,0
1609,7
1610,1
1611,13
1612,4
1613,7
1614,4
1615,1
1616,0
1617,15
1619,1
1620,7
1621,7
1623,10
1624,7
1625,15
1626,0
1627,5
1629,13
1631,15
1632,4
1633,7
1635,7
1636,0
1639,13
1640,4
1641,7
1642,4
1643,13
1644,15
1645,12
1646,13
1647,5
1648,7
1649,6
1652,6
1653,14
1654,7
1655,15
1657,4
1658,15
1660,7
1661,15
1663,4
1665,4
1667,0
1668,7
1669,13
1670,16
1671,15
1672,7
1673,7
1674,7
1676,0
1678,13
1680,7
1681,0
1682,7
1683,13
1684,7
1686,15
1687,15
1688,7
1689,4
1690,10
1692,14
1693,12
1694,7
1696,7
1699,7
1701,7
1702,3
1703,4
1704,7
1707,3
1711,7
1713,3
1715,15
1717,12
1719,7
1721,13
1722,0
1726,7
1727,13
1728,7
1729,15
1730,7
1731,4
1732,4
1733,7
1734,4
1735,13
1739,0
1744,0
1746,4
1747,4
1748,14
1750,1
1752,5
1753,4
1754,15
1755,13
1756,10
1757,13
1759,7
1760,4
1762,0
1767,13
1769,15
1771,10
1772,0
1777,4
1779,15
1783,13
1784,13
1785,15
1788,0
1791,15
1792,15
1794,4
1795,7
1796,7
1797,6
1798,15
1799,5
1801,7
1804,5
1805,5
1806,1
1807,7
1809,7
1810,7
1812,7
1816,7
1819,11
1821,4
1822,4
1824,4
1826,1
1827,4
1831,1
1833,15
1834,12
1835,8
1836,4
1837,4
1839,4
1840,7
1841,15
1844,7
1845,15
1846,7
1848,4
1852,15
1854,13
1855,4
1856,6
1858,4
1859,7
1860,7
1861,15
1862,10
1863,4
1864,4
1865,6
1866,5
1870,4
1873,13
1874,4
1875,4
1876,7
1878,13
1880,7
1881,11
1882,15
1883,4
1884,7
1885,7
1886,4
1887,4
1888,7
1889,12
1891,15
1892,15
1894,13
1895,13
1896,4
1897,13
1900,7
1901,6
1902,13
1903,4
1904,7
1907,7
1909,12
1910,4
1911,4
1912,4
1913,12
1914,4
1916,7
1917,14
1918,5
1919,4
1920,2
1921,14
1922,7
1923,4
1924,14
1925,16
1926,11
1927,0
1928,7
1929,7
1931,1
1932,11
1933,7
1934,4
1935,13
1936,16
1937,11
1938,7
1939,16
1940,7
1941,7
1942,7
1943,7
1944,13
1945,5
1946,7
1947,7
1948,13
1949,7
1950,7
1951,7
1952,7
1953,5
1954,7
1955,7
1956,7
1957,7
1958,7
1959,7
1960,7
1961,7
1962,7
1963,4
1964,7
1965,4
1966,4
1967,1
1968,4
1969,10
1970,15
1971,10
1972,10
1973,10
1974,12
1975,10
1976,10
1977,10
1978,10
1979,10
1980,10
1981,10
1982,10
1983,10
1984,10
1985,10
1986,10
1987,10
1988,10
1989,10
1990,10
1991,15
1992,10
1993,10
1994,15
1995,15
1996,15
1997,12
1998,10
1999,10
2000,5
2001,5
2002,7
2003,4
2004,10
2005,3
2006,0
2007,4
2008,9
2009,7
2010,7
2011,1
2012,4
2013,7
2014,4
2015,4
2016,17
2017,3
2018,7
2019,1
2020,13
2021,1
2022,7
2023,5
2024,12
2025,13
2026,15
2027,5
2028,16
2029,4
2031,3
2032,4
2033,2
2034,14
2035,3
2036,4
2037,4
2038,14
2039,1
2040,3
2041,0
2042,3
2043,8
2044,8
2045,7
2046,14
2047,11
2048,2
2049,11
2050,4
2051,3
2052,4
2053,14
2054,4
2055,4
2056,3
2057,3
2058,7
2059,3
2060,4
2062,7
2063,13
2064,6
2065,13
2066,9
2067,7
2068,7
2069,7
2070,17
2071,7
2072,4
2073,4
2074,13
2075,16
2076,15
2077,3
2078,3
2079,3
2080,3
2081,2
2082,4
2083,4
2084,3
2085,2
2086,8
2087,11
2088,11
2089,1
2090,3
2091,3
2092,1
2093,1
2094,0
2095,3
2096,11
2097,12
2098,3
2099,2
2100,4
2101,1
2102,4
2103,3
2104,7
2105,1
2106,16
2107,15
2108,4
2109,4
2110,15
2111,4
2112,5
2113,10
2114,7
2115,8
2116,1
2117,7
2118,15
2119,10
2120,7
2121,15
2122,15
2123,3
2124,3
2125,4
2126,5
2128,4
2130,13
2131,7
2132,7
2133,1
2134,4
2135,1
2136,4
2137,3
2138,8
2139,1
2140,8
2141,3
2142,3
2143,1
2144,13
2145,13
2146,7
2147,1
2148,10
2149,4
2150,1
2151,4
2152,3
2153,0
2154,13
2155,7
2159,15
2160,7
2161,3
2162,3
2163,4
2164,0
2165,7
2166,13
2167,0
2168,7
2169,4
2170,4
2171,4
2173,14
2174,4
2176,15
2177,15
2178,15
2180,15
2181,15
2182,9
2183,12
2184,4
2186,5
2187,12
2188,7
2189,14
2190,7
2191,4
2193,1
2194,7
2195,4
2197,7
2200,7
2201,7
2202,7
2203,5
2204,12
2205,4
2206,9
2207,7
2208,15
2210,15
2212,7
2214,15
2215,13
2219,12
2221,15
2227,7
2231,7
2232,15
2236,7
2237,7
2238,7
2239,4
2240,7
2241,4
2243,4
2244,4
2245,13
2246,13
2247,4
2248,7
2249,4
2250,7
2252,4
2253,8
2254,7
2255,4
2256,10
2257,4
2259,4
2260,7
2261,4
2262,7
2263,7
2264,4
2265,4
2266,4
2267,12
2268,5
2269,7
2271,7
2272,7
2273,4
2275,14
2276,7
2278,0
2279,15
2280,5
2282,7
2283,7
2284,7
2285,7
2286,4
2287,10
2288,10
2289,4
2290,7
2291,7
2292,13
2294,4
2295,4
2296,4
2297,13
2300,4
2301,4
2302,4
2303,7
2304,7
2305,7
2306,4
2307,5
2310,7
2311,14
2312,7
2313,7
2314,7
2315,10
2316,8
2318,7
2320,15
2321,4
2322,14
2323,6
2324,16
2325,4
2327,10
2328,10
2329,5
2330,4
2331,13
2333,7
2334,0
2335,4
2336,7
2337,7
2338,10
2339,13
2340,13
2342,7
2344,15
2345,7
2346,15
2347,7
2348,7
2349,4
2350,4
2351,7
2352,4
2353,15
2354,3
2355,4
2356,4
2357,7
2359,4
2360,7
2361,4
2362,7
2363,10
2364,15
2365,14
2366,10
2367,1
2368,14
2369,4
2370,1
2371,4
2372,4
2373,1
2374,7
2375,4
2376,1
2377,14
2378,5
2379,5
2380,4
2381,5
2382,5
2383,5
2384,7
2385,13
2386,4
2387,4
2388,7
2389,15
2390,4
2391,7
2392,7
2393,14
2394,2
2395,7
2396,4
2397,7
2398,4
2399,1
2400,3
2401,17
2402,0
2403,7
2404,1
2405,13
2406,4
2407,14
2408,14
2409,0
2410,7
2411,7
2412,7
2413,4
2414,0
2415,7
2416,4
2417,4
2418,4
2419,7
2420,7
2421,1
2422,3
2423,4
2424,13
2425,5
2427,7
2428,14
2429,8
2430,1
2431,7
2432,7
2433,7
2434,7
2435,7
2436,7
2437,7
2438,4
2439,7
2440,7
2441,17
2442,7
2443,7
2445,7
2446,15
2447,7
2448,10
2449,1
2450,4
2451,10
2453,7
2454,12
2455,7
2456,10
2457,0
2458,4
2459,10
2460,10
2461,10
2462,10
2463,4
2464,10
2465,10
2467,12
2468,0
2469,7
2470,1
2471,1
2472,4
2473,4
2474,7
2475,0
2476,0
2478,4
2479,15
2481,7
2482,13
2483,15
2485,4
2486,7
2487,4
2488,7
2490,0
2491,4
2492,13
2493,7
2494,6
2495,2
2496,13
2497,13
2498,14
2499,4
2500,4
2501,7
2502,4
2504,4
2505,7
2506,4
2507,4
2511,9
2513,10
2514,4
2515,10
2516,10
2517,10
2518,4
2519,10
2520,7
2521,7
2522,7
2523,15
2524,15
2525,10
2526,14
2527,14
2528,0
2529,7
2530,0
2531,14
2532,0
2533,0
2534,0
2535,0
2536,7
2537,1
2539,4
2540,15
2541,7
2542,4
2545,4
2546,7
2548,10
2549,0
2550,15
2551,7
2552,4
2553,10
2554,15
2555,4
2557,7
2558,13
2559,2
2560,15
2561,15
2562,7
2563,7
2565,13
2566,3
2567,4
2568,5
2569,7
2570,7
2571,0
2572,4
2573,11
2574,4
2575,7
2577,7
2579,12
2580,4
2581,4
2582,4
2583,7
2585,7
2586,5
2587,7
2589,7
2590,7
2594,14
2596,4
2597,4
2598,4
2599,4
2600,14
2605,15
2606,10
2607,7
2609,7
2610,7
2611,7
2612,7
2613,14
2615,1
2616,5
2617,15
2618,4
2620,7
2621,7
2622,4
2624,8
2625,5
2626,4
2627,7
2628,1
2629,13
2630,7
2631,4
2633,13
2634,10
2635,10
2636,10
2637,10
2638,10
2639,7
2640,14
2641,14
2642,14
2643,1
2644,10
2647,10
2648,10
2649,10
2650,10
2651,10
2652,10
2653,10
2654,10
2655,10
2656,10
2657,11
2659,4
2660,14
2661,14
2662,7
2664,15
2668,14
2669,16
2670,16
2671,13
2672,7
2673,7
2674,7
2676,15
2677,11
2678,7
2681,4
2682,7
2683,0
2686,7
2687,1
2688,7
2689,6
2690,4
2691,7
2692,5
2693,6
2694,4
2696,4
2697,4
2699,4
2700,11
2701,4
2702,7
2704,7
2706,13
2707,15
2708,13
2709,3
2710,10
2712,12
2713,15
2714,7
2715,4
2716,4
2717,4
2718,4
2719,10
2720,4
2721,13
2722,0
2723,8
2724,4
2725,7
2726,5
2727,9
2728,7
2729,13
2730,13
2731,7
2732,7
2733,13
2734,15
2735,12
2736,4
2738,4
2739,7
2741,5
2745,7
2746,4
2747,10
2748,1
2749,12
2750,7
2751,7
2752,12
2753,15
2754,10
2755,7
2757,7
2758,7
2759,4
2761,3
2762,12
2763,12
2764,15
2766,7
2767,4
2769,5
2770,4
2771,7
2772,4
2774,13
2775,7
2776,6
2779,4
2780,4
2781,10
2782,10
2783,10
2784,10
2786,4
2787,10
2788,4
2789,10
2790,10
2791,4
2792,4
2793,15
2794,1
2795,4
2796,4
2797,13
2798,3
2799,4
2800,2
2801,13
2802,7
2803,12
2804,4
2805,13
2806,15
2807,0
2808,14
2809,4
2810,12
2812,0
2815,0
2816,0
2817,0
2819,7
2820,7
2822,1
2824,7
2826,0
2827,15
2828,4
2829,4
2832,7
2835,1
2836,4
2837,4
2839,7
2840,7
2841,12
2843,13
2844,7
2845,4
2846,7
2847,13
2848,7
2849,7
2850,15
2851,15
2852,7
2853,10
2855,10
2856,15
2857,8
2858,13
2859,11
2860,4
2861,4
2862,7
2863,1
2864,4
2866,7
2867,4
2868,10
2869,7
2870,4
2871,15
2872,1
2874,13
2875,12
2876,3
2877,11
2878,10
2879,4
2880,0
2881,5
2882,7
2883,7
2884,4
2885,13
2886,4
2887,0
2888,13
2889,4
2890,4
2891,4
2892,0
2893,0
2894,7
2897,4
2898,10
2899,3
2900,10
2901,14
2902,12
2903,10
2904,7
2905,0
2906,13
2907,4
2908,7
2912,15
2913,14
2915,4
2916,0
2917,15
2918,4
2919,7
2920,13
2921,17
2922,5
2923,4
2924,0
2925,7
2926,4
2927,7
2928,7
2929,7
2930,6
2932,7
2935,4
2936,13
2937,4
2938,7
2939,7
2940,7
2941,11
2942,7
2943,7
2944,16
2945,12
2946,11
2947,15
2948,1
2949,1
2950,1
2951,17
2952,7
2953,3
2956,0
2959,15
2961,7
2962,4
2964,7
2966,1
2967,7
2968,8
2969,13
2970,1
2971,11
2972,7
2973,5
2974,15
2975,4
2976,7
2977,4
2978,13
2979,7
2981,6
2982,10
2983,15
2984,6
2985,14
2986,5
2987,2
2988,7
2989,1
2990,15
2991,1
2992,10
2993,15
2995,15
2996,7
2997,7
2998,13
3000,1
3001,7
3002,6
3003,13
3004,13
3005,15
3006,15
3007,6
3008,14
3010,7
3011,7
3013,10
3015,15
3016,10
3017,10
3018,4
3019,5
3020,7
3021,10
3022,4
3024,10
3025,17
3028,4
3029,0
3030,1
3031,4
3032,14
3033,4
3034,1
3035,16
3036,1
3037,17
3038,7
3039,4
3040,4
3041,4
3042,4
3043,4
3044,12
3045,7
3046,13
3047,7
3048,4
3051,4
3052,8
3053,7
3054,1
3055,15
3057,4
3060,4
3061,11
3062,0
3063,7
3064,15
3066,7
3067,7
3068,12
3069,7
3070,1
3071,4
3072,13
3074,17
3075,10
3076,4
3077,6
3078,7
3079,7
3081,12
3082,0
3083,7
3086,8
3087,13
3088,8
3089,7
3090,7
3091,7
3093,17
3094,7
3095,7
3096,4
3097,7
3098,7
3099,13
3100,7
3101,15
3102,13
3103,13
3104,15
3105,7
3106,13
3107,0
3108,7
3109,7
3110,7
3111,7
3112,7
3113,15
3114,4
3115,7
3116,7
3117,7
3118,7
3120,4
3121,7
3122,17
3125,7
3127,7
3128,7
3129,4
3130,7
3133,17
3134,16
3135,7
3136,6
3138,7
3140,4
3141,7
3142,11
3143,7
3144,4
3145,7
3146,4
3147,5
3148,7
3150,15
3152,7
3153,0
3155,13
3156,13
3157,8
3158,7
3159,3
3160,7
3161,7
3163,4
3165,0
3166,1
3167,4
3168,7
3169,5
3171,7
3173,7
3174,4
3175,1
3176,15
3177,4
3178,7
3179,7
3180,7
3181,7
3182,6
3183,7
3185,7
3186,7
3188,6
3189,7
3190,14
3192,7
3194,13
3196,16
3197,13
3198,5
3199,7
3200,4
3201,7
3202,10
3203,15
3204,15
3205,10
3206,13
3207,1
3208,0
3210,7
3211,7
3213,2
3214,7
3216,15
3217,7
3218,7
3219,12
3221,7
3223,7
3224,7
3225,4
3232,4
3235,4
3238,15
3239,4
3240,4
3241,4
3243,4
3244,13
3245,7
3246,7
3247,5
3248,4
3249,7
3250,7
3251,7
3252,7
3253,4
3254,4
3255,4
3256,5
3257,7
3258,8
3259,1
3260,7
3261,4
3262,7
3263,7
3264,0
3265,0
3266,15
3267,5
3268,4
3269,13
3270,7
3271,7
3272,7
3273,10
3274,15
3275,0
3276,4
3281,6
3282,4
3284,4
3285,1
3286,4
3287,3
3289,7
3292,9
3294,10
3296,7
3298,7
3299,7
3300,15
3301,5
3302,4
3303,6
3304,5
3306,4
3307,7
3308,4
3309,4
3310,4
3313,4
3314,0
3316,15
3317,7
3318,7
3320,13
3324,4
3325,7
3326,14
3327,6
3328,7
3329,7
3330,7
3331,7
3334,15
3338,6
3339,16
3340,10
3341,4
3342,7
3343,13
3344,10
3347,1
3349,4
3350,7
3351,10
3354,14
3355,10
3357,7
3358,4
3359,7
3360,7
3361,4
3362,7
3363,7
3364,5
3365,17
3368,17
3370,15
3371,7
3377,7
3379,7
3380,9
3384,0
3385,4
3386,12
3387,4
3388,4
3390,7
3391,4
3392,4
3393,13
3394,13
3395,4
3396,3
3397,4
3398,3
3399,3
3400,3
3401,1
3402,4
3404,0
3405,7
3406,7
3408,7
3409,15
3412,3
3414,13
3415,7
3417,4
3418,5
3420,15
3421,4
3422,13
3423,7
3424,7
3425,7
3426,13
3427,5
3428,7
3429,2
3430,0
3431,7
3432,7
3434,7
3435,5
3436,13
3437,7
3438,3
3439,8
3440,0
3441,7
3442,7
3444,0
3445,15
3446,4
3447,7
3448,4
3449,7
3450,4
3451,7
3452,13
3453,7
3454,13
3456,7
3457,7
3459,10
3460,4
3461,1
3462,7
3463,4
3465,7
3466,4
3467,17
3468,7
3469,7
3470,7
3471,7
3474,15
3475,7
3476,10
3477,7
3478,7
3479,13
3480,13
3481,4
3483,3
3484,15
3487,17
3489,1
3490,10
3491,4
3492,4
3494,7
3495,7
3496,7
3497,4
3498,7
3499,10
3500,4
3501,13
3502,7
3503,12
3504,4
3505,15
3506,7
3507,4
3508,15
3509,7
3510,15
3511,4
3512,13
3513,7
3515,4
3516,8
3518,7
3519,16
3520,4
3521,7
3522,7
3524,13
3525,4
3526,4
3527,15
3528,13
3529,15
3531,4
3534,7
3535,15
3536,7
3537,7
3538,4
3539,6
3540,7
3543,4
3544,4
3545,11
3546,7
3547,7
3548,4
3549,13
3550,10
3551,15
3552,4
3553,15
3554,7
3555,15
3556,13
3557,15
3559,7
3560,7
3563,0
3564,3
3565,7
3566,4
3567,7
3568,13
3569,4
3571,7
3572,10
3573,10
3574,10
3575,7
3576,14
3577,13
3578,0
3579,7
3580,7
3581,4
3584,7
3587,10
3588,7
3590,7
3591,4
3593,0
3594,11
3596,4
3598,7
3599,11
3600,11
3602,4
3604,11
3605,5
3606,13
3608,4
3609,6
3611,3
3612,11
3613,4
3614,13
3615,3
3616,13
3617,4
3618,5
3619,4
3620,7
3621,10
3622,4
3623,0
3624,17
3626,4
3627,10
3628,13
3629,13
3632,4
3633,13
3634,15
3635,15
3637,7
3638,15
3639,1
3640,4
3643,16
3646,4
3649,7
3653,6
3654,0
3655,7
3656,5
3657,7
3658,10
3659,14
3660,15
3661,15
3662,14
3663,15
3664,14
3665,15
3668,7
3669,4
3671,4
3672,1
3673,1
3674,1
3675,4
3676,10
3677,6
3678,7
3679,6
3680,6
3681,0
3682,0
3683,7
3684,13
3685,7
3686,10
3687,14
3688,4
3689,4
3690,4
3691,4
3692,10
3693,4
3694,4
3695,10
3696,15
3697,0
3698,0
3699,14
3700,14
3701,14
3702,0
3703,14
3704,1
3705,4
3706,15
3707,13
3708,10
3709,10
3710,4
3712,4
3713,7
3714,7
3715,5
3716,7
3717,5
3718,6
3719,13
3720,7
3721,5
3723,7
3724,7
3725,2
3726,15
3727,17
3728,7
3729,5
3730,7
3731,15
3732,10
3733,7
3734,7
3735,7
3736,7
3737,7
3738,7
3739,13
3740,1
3741,7
3742,7
3743,13
3744,0
3745,0
3746,7
3747,7
3751,2
3752,1
3753,7
3754,4
3755,15
3757,10
3758,7
3759,11
3760,4
3761,0
3763,15
3764,5
3765,5
3766,0
3768,16
3769,0
3770,15
3771,8
3773,4
3774,13
3775,11
3777,4
3780,14
3783,7
3784,4
3785,10
3786,4
3787,4
3788,12
3789,7
3790,7
3791,7
3792,7
3793,1
3794,7
3795,7
3798,7
3799,2
3800,7
3801,12
3802,14
3804,4
3805,1
3806,17
3807,8
3809,4
3810,15
3811,7
3812,4
3813,7
3814,4
3816,7
3819,4
3820,3
3821,4
3822,7
3823,7
3824,7
3825,13
3826,15
3827,4
3829,4
3831,4
3832,10
3833,10
3834,1
3835,15
3836,4
3837,10
3838,10
3839,10
3840,10
3841,0
3843,10
3844,7
3845,7
3846,4
3847,10
3848,7
3849,12
3851,4
3852,4
3854,16
3855,7
3857,15
3858,4
3859,6
3860,5
3861,4
3863,7
3864,1
3865,4
3868,13
3869,4
3870,7
3871,17
3872,7
3873,4
3875,10
3877,1
3879,0
3880,6
3882,4
3883,4
3885,13
3886,7
3889,8
3890,6
3891,7
3892,10
3893,5
3895,15
3896,15
3897,7
3900,7
3901,4
3902,7
3903,7
3905,4
3906,5
3908,10
3909,13
3910,11
3911,4
3913,6
3914,7
3915,7
3916,7
3917,10
3918,10
3919,10
3920,13
3921,4
3922,4
3923,14
3924,4
3925,7
3926,1
3927,14
3928,10
3929,4
3930,14
3932,14
3933,14
3934,14
3936,10
3937,14
3938,10
3939,10
3940,10
3941,10
3942,10
3943,4
3945,2
3946,7
3947,5
3948,4
3949,7
3950,7
3951,7
3952,15
3953,4
3955,4
3956,15
3957,0
3959,1
3960,7
3961,10
3962,10
3963,11
3964,2
3965,9
3966,5
3967,7
3968,4
3969,7
3970,10
3971,12
3972,0
3973,15
3975,7
3976,4
3977,0
3978,13
3979,4
3980,7
3981,14
3983,7
3984,0
3985,7
3986,14
3987,7
3988,8
3989,6
3990,2
3991,4
3992,7
3993,7
3994,7
3996,0
3997,1
3998,7
3999,0
4000,7
4001,0
4002,4
4003,4
4005,15
4006,2
4007,7
4008,7
4009,7
4010,4
4011,15
4012,7
4014,13
4015,4
4016,2
4017,7
4018,4
4019,7
4020,15
4021,7
4022,7
4023,13
4024,13
4025,4
4026,0
4027,4
4029,7
4030,10
4031,7
4033,16
4034,7
4035,17
4036,7
4037,9
4039,11
4040,4
4041,7
4042,0
4043,7
4045,17
4046,7
4047,7
4048,7
4051,10
4052,15
4053,4
4054,13
4055,7
4056,5
4060,7
4061,13
4062,7
4063,13
4066,4
4067,7
4068,4
4069,13
4073,13
4076,13
4077,15
4079,4
4080,4
4081,4
4082,7
4084,5
4085,0
4086,15
4088,7
4089,4
4090,2
4091,4
4092,14
4095,7
4098,7
4101,7
4102,4
4103,1
4104,4
4105,15
4106,7
4108,7
4109,15
4111,16
4114,7
4115,4
4116,4
4117,7
4121,0
4122,7
4123,4
4124,10
4126,7
4128,4
4130,4
4131,4
4132,13
4133,14
4135,1
4136,7
4139,7
4140,13
4141,4
4142,15
4143,12
4144,7
4146,7
4148,15
4149,13
4151,13
4153,4
4155,13
4156,4
4158,2
4159,15
4161,4
4162,4
4166,7
4167,15
4168,4
4169,4
4171,6
4173,13
4174,7
4175,4
4177,15
4178,7
4179,7
4180,0
4181,4
4183,7
4184,4
4185,6
4186,7
4187,7
4188,11
4189,7
4190,7
4191,4
4194,7
4195,12
4197,4
4198,14
4200,0
4201,4
4203,0
4205,4
4207,0
4208,6
4210,7
4211,7
4212,12
4213,14
4214,4
4215,4
4216,7
4217,6
4218,5
4219,4
4220,4
4221,4
4222,10
4223,16
4224,15
4225,4
4226,15
4228,5
4229,13
4231,4
4232,3
4233,4
4234,15
4235,7
4236,6
4237,6
4238,12
4239,7
4241,3
4246,4
4247,4
4248,4
4251,15
4252,7
4254,4
4255,4
4262,0
4263,7
4265,15
4266,10
4267,4
4268,4
4270,15
4271,7
4273,7
4274,7
4275,0
4276,4
4277,14
4278,6
4279,5
4280,13
4281,4
4282,8
4284,4
4290,4
4291,5
4292,7
4293,4
4294,8
4296,7
4297,7
4298,15
4299,0
4300,7
4302,7
4304,6
4305,15
4306,2
4308,11
4310,13
4312,1
4316,7
4317,4
4318,7
4319,17
4321,17
4322,7
4324,7
4326,7
4327,17
4329,17
4332,7
4333,5
4334,7
4337,13
4338,7
4339,16
4340,4
4342,13
4343,4
4344,7
4345,7
4347,7
4349,16
4350,4
4351,15
4352,4
4353,0
4354,5
4355,7
4356,4
4357,4
4359,4
4360,11
4361,4
4366,2
4367,1
4368,4
4369,15
4370,14
4371,7
4372,7
4375,7
4378,7
4380,13
4381,4
4383,7
4384,7
4386,4
4387,0
4388,4
4389,7
4390,7
4391,7
4392,8
4394,4
4396,4
4397,4
4399,7
4401,13
4402,4
4403,10
4404,7
4405,7
4406,17
4407,16
4409,15
4410,5
4411,17
4414,15
4415,4
4417,10
4420,7
4422,7
4424,7
4426,9
4427,7
4428,13
4432,9
4433,7
4437,10
4438,0
4440,0
4441,0
4442,0
4443,14
4444,5
4445,6
4446,14
4447,13
4448,7
4450,5
4451,7
4452,4
4453,6
4454,14
4458,6
4459,6
4462,8
4464,7
4465,7
4466,7
4467,4
4469,5
4470,7
4471,13
4473,16
4474,11
4475,7
4477,3
4478,7
4479,7
4480,10
4482,7
4483,4
4486,7
4487,13
4488,7
4489,4
4490,4
4491,15
4492,4
4493,10
4495,13
4496,12
4498,0
4499,4
4500,4
4501,10
4502,4
4503,13
4506,12
4508,7
4509,4
4511,4
4515,6
4516,4
4518,4
4519,8
4520,4
4521,7
4522,12
4523,7
4524,4
4526,4
4527,13
4528,0
4529,4
4531,0
4532,10
4533,10
4534,17
4535,13
4537,7
4538,7
4539,13
4541,10
4543,0
4544,14
4545,4
4546,15
4550,4
4552,10
4553,15
4555,13
4557,7
4558,4
4559,4
4560,10
4561,4
4562,4
4563,4
4564,8
4565,1
4566,1
4567,1
4568,0
4569,0
4570,4
4571,14
4572,5
4573,7
4577,7
4578,4
4584,4
4585,4
4587,14
4589,11
4590,7
4591,1
4592,4
4593,4
4600,7
4602,5
4603,13
4605,4
4606,7
4608,7
4610,15
4612,7
4614,0
4615,7
4616,7
4617,4
4618,10
4619,4
4621,13
4622,4
4623,4
4624,11
4625,7
4626,14
4627,4
4628,4
4629,0
4630,0
4632,0
4634,1
4636,0
4638,1
4639,4
4640,5
4641,7
4642,11
4643,1
4644,7
4645,5
4649,4
4652,14
4654,0
4655,7
4658,15
4659,7
4660,4
4661,7
4662,4
4663,4
4664,13
4666,4
4667,7
4670,10
4673,15
4674,7
4675,0
4676,4
4677,4
4678,4
4679,4
4680,4
4681,7
4682,10
4684,4
4686,1
4687,4
4688,7
4690,11
4691,14
4692,7
4696,4
4697,10
4698,4
4699,13
4700,4
4701,4
4703,7
4704,1
4705,4
4706,4
4709,11
4710,17
4711,6
4712,7
4713,14
4714,4
4716,7
4717,4
4718,4
4719,13
4720,10
4721,0
4722,4
4723,7
4724,7
4725,15
4727,7
4728,4
4731,7
4732,4
4733,4
4734,4
4735,14
4736,13
4737,7
4738,14
4740,4
4741,7
4743,4
4744,10
4745,7
4748,4
4749,4
4750,3
4751,15
4752,10
4753,4
4754,15
4755,4
4756,7
4757,11
4761,7
4763,4
4765,7
4766,7
4767,4
4768,12
4769,6
4770,15
4771,7
4772,7
4774,5
4775,13
4776,5
4782,4
4783,6
4784,7
4787,7
4789,10
4792,10
4795,4
4796,13
4798,4
4799,0
4800,1
4801,7
4802,0
4803,7
4804,4
4806,7
4809,7
4810,7
4811,7
4812,1
4814,15
4815,7
4816,4
4818,0
4821,15
4822,4
4823,13
4826,7
4830,5
4831,11
4832,7
4833,10
4834,4
4835,7
4836,7
4837,15
4840,13
4842,7
4844,5
4846,4
4848,12
4849,7
4851,7
4854,11
4855,15
4857,11
4859,5
4861,6
4862,7
4863,5
4865,12
4866,0
4867,4
4873,7
4874,14
4875,13
4876,10
4878,14
4880,7
4881,7
4885,15
4886,4
4887,15
4888,7
4889,5
4890,4
4893,15
4895,4
4896,3
4897,7
4898,5
4899,1
4901,7
4902,8
4903,7
4911,1
4912,7
4914,5
4915,0
4920,7
4921,7
4923,16
4925,4
4927,12
4928,7
4929,4
4930,7
4932,15
4933,7
4936,7
4941,14
4945,5
4947,0
4948,10
4949,0
4951,1
4952,14
4954,4
4956,0
4957,15
4958,16
4960,4
4961,6
4963,5
4964,1
4965,15
4967,7
4968,7
4969,5
4970,7
4971,7
4972,4
4973,13
4974,4
4975,14
4976,7
4977,7
4978,12
4979,7
4980,14
4981,4
4984,8
4987,14
4988,1
4989,4
4990,3
4992,4
4993,1
4994,4
4995,7
4996,7
4998,15
4999,13
5000,7
5001,0
5002,2
5003,2
5004,4
5008,7
5009,7
5010,7
5012,11
5013,7
5014,7
5015,13
5016,7
5017,9
5018,15
5021,5
5022,7
5023,7
5025,4
5026,15
5027,7
5028,7
5033,15
5034,7
5038,3
5039,1
5040,1
5041,2
5042,11
5043,15
5046,7
5047,0
5048,4
5049,5
5051,7
5053,4
5054,15
5055,0
5056,7
5057,4
5059,6
5060,4
5061,13
5062,14
5063,17
5064,0
5065,12
5066,7
5069,7
5071,13
5072,14
5073,7
5074,4
5075,4
5076,7
5079,7
5080,4
5081,7
5083,4
5085,11
5087,7
5088,4
5092,3
5093,15
5094,0
5095,4
5096,4
5097,4
5098,11
5099,3
5101,4
5102,8
5103,3
5105,7
5106,4
5107,7
5108,15
5109,1
5110,4
5111,7
5114,7
5117,4
5119,7
5120,12
5121,7
5122,7
5125,4
5127,7
5128,10
5134,4
5135,13
5137,6
5139,4
5141,4
5142,4
5146,14
5147,7
5151,4
5152,16
5153,10
5159,3
5161,13
5164,2
5165,10
5167,12
5168,13
5169,9
5170,4
5171,0
5172,7
5177,7
5179,15
5180,6
5182,8
5186,7
5187,4
5193,11
5198,7
5199,17
5202,7
5203,10
5205,4
5208,7
5210,10
5214,8
5218,3
5219,0
5220,4
5222,13
5223,7
5224,6
5225,13
5226,13
5227,1
5229,4
5230,4
5231,4
5232,4
5233,4
5234,4
5236,13
5237,7
5238,7
5241,13
5242,4
5243,0
5244,1
5246,4
5247,0
5248,4
5250,4
5254,10
5255,4
5256,7
5258,7
5264,1
5265,7
5266,15
5267,7
5269,7
5271,7
5275,7
5276,13
5277,0
5278,4
5279,4
5282,15
5283,4
5285,4
5288,6
5289,7
5291,7
5292,4
5293,15
5294,7
5296,13
5297,15
5298,4
5299,13
5300,1
5301,17
5302,1
5303,4
5304,16
5305,4
5307,4
5308,4
5309,13
5312,5
5313,15
5315,7
5316,15
5319,5
5323,10
5324,4
5325,6
5329,5
5333,7
5334,4
5335,13
5337,4
5339,7
5341,7
5342,10
5343,15
5344,15
5346,7
5348,7
5349,15
5352,15
5353,4
5354,4
5356,14
5357,1
5359,7
5360,4
5361,1
5363,4
5364,15
5365,7
5366,7
5367,7
5372,17
5373,16
5375,11
5377,13
5378,0
5379,7
5380,4
5382,4
5383,10
5384,7
5385,6
5387,15
5388,15
5389,17
5391,7
5395,7
5398,7
5400,7
5401,4
5404,13
5410,14
5413,10
5414,0
5415,7
5416,7
5417,8
5418,0
5419,1
5420,0
5421,7
5422,4
5425,16
5427,4
5428,4
5433,1
5434,9
5438,4
5440,17
5443,4
5444,1
5445,0
5446,1
5447,7
5448,3
5449,4
5450,13
5452,13
5458,8
5459,0
5460,4
5462,1
5463,1
5464,5
5466,4
5470,4
5471,13
5473,7
5475,12
5477,13
5478,10
5479,1
5480,4
5481,4
5483,6
5489,10
5490,0
5498,7
5500,4
5501,12
5502,10
5503,7
5504,3
5505,7
5506,12
5507,0
5508,4
5515,7
5516,5
5517,15
5518,7
5521,0
5522,7
5523,14
5524,13
5525,13
5527,7
5528,15
5530,14
5531,7
5534,7
5535,7
5538,8
5539,2
5540,13
5541,16
5544,14
5548,4
5553,15
5556,15
5558,5
5560,11
5561,7
5562,15
5564,15
5568,4
5569,10
5570,15
5572,4
5573,4
5574,5
5575,5
5577,4
5581,4
5582,4
5585,4
5588,10
5597,14
5599,13
5600,7
5601,7
5602,4
5603,4
5604,14
5605,7
5607,7
5608,15
5609,0
5611,16
5612,15
5613,5
5615,7
5617,7
5618,8
5619,6
5620,4
5621,0
5622,13
5625,7
5628,15
5629,11
5630,5
5632,7
5633,7
5636,5
5637,7
5638,0
5641,7
5642,7
5643,6
5644,7
5646,7
5649,10
5650,4
5651,2
5655,7
5662,4
5663,10
5666,7
5667,8
5668,7
5669,6
5670,6
5672,8
5673,7
5675,13
5677,15
5678,0
5679,10
5680,5
5682,7
5684,6
5685,7
5686,16
5689,7
5690,7
5691,10
5693,13
5694,4
5696,7
5699,17
5700,8
5703,4
5705,13
5707,7
5710,4
5712,12
5715,10
5718,4
5723,13
5729,7
5732,15
5734,6
5735,6
5736,6
5737,6
5742,4
5745,4
5746,0
5747,16
5752,13
5754,10
5765,4
5768,8
5772,7
5773,4
5777,13
5778,10
5779,10
5780,4
5782,0
5784,10
5785,6
5787,15
5788,7
5791,13
5792,7
5795,9
5796,1
5799,16
5801,16
5803,0
5808,15
5809,5
5810,7
5812,7
5815,5
5816,1
5818,13
5819,7
5820,6
5825,7
5826,17
5828,7
5829,7
5830,1
5832,7
5833,0
5834,7
5836,13
5839,7
5840,4
5841,1
5843,0
5846,7
5847,7
5850,15
5853,10
5854,5
5857,4
5859,15
5864,1
5866,4
5867,5
5868,6
5869,7
5872,0
5873,7
5874,4
5875,7
5876,7
5878,7
5879,4
5880,1
5881,14
5882,3
5883,10
5888,5
5891,10
5893,7
5899,7
5900,5
5901,7
5902,4
5903,15
5909,4
5910,7
5913,4
5914,6
5915,16
5917,11
5918,10
5923,7
5926,7
5927,11
5932,6
5933,7
5936,7
5938,15
5940,4
5941,11
5942,4
5943,4
5944,15
5945,4
5947,7
5949,15
5952,1
5954,5
5955,7
5956,7
5957,4
5958,4
5959,5
5960,15
5961,15
5962,7
5963,7
5965,0
5966,12
5968,4
5969,4
5970,7
5971,7
5980,12
5981,14
5984,7
5985,13
5986,7
5989,7
5991,5
5992,7
5993,7
5994,13
5995,16
6000,10
6001,4
6003,5
6005,6
6006,4
6008,7
6012,13
6013,0
6014,4
6016,5
6021,5
6022,7
6025,4
6027,7
6031,13
6032,4
6033,4
6035,13
6037,13
6039,4
6040,10
6042,6
6047,12
6051,7
6056,4
6057,5
6058,10
6059,15
6060,4
6062,6
6063,10
6064,7
6073,5
6077,5
6078,0
6084,7
6091,4
6092,4
6093,8
6095,0
6096,7
6100,13
6101,7
6103,16
6104,4
6105,7
6107,7
6109,13
6114,7
6115,7
6116,4
6121,7
6122,6
6123,6
6124,4
6125,4
6126,7
6127,7
6132,15
6133,7
6140,12
6143,5
6148,7
6154,13
6155,4
6156,0
6157,5
6159,7
6162,7
6163,13
6166,4
6170,7
6178,7
6180,5
6182,4
6183,4
6184,7
6185,0
6186,16
6187,5
6188,4
6195,6
6197,12
6198,7
6201,7
6203,4
6204,4
6207,7
6211,7
6212,4
6213,0
6214,12
6215,7
6216,7
6218,7
6219,7
6223,5
6225,7
6227,11
6228,15
6229,7
6230,7
6231,7
6232,1
6233,4
6234,12
6235,7
6237,7
6238,7
6239,1
6240,5
6242,10
6243,10
6244,7
6245,4
6247,13
6249,4
6250,14
6252,13
6254,13
6256,15
6257,7
6260,7
6261,13
6263,16
6264,7
6265,4
6266,13
6268,7
6269,6
6271,13
6273,9
6276,1
6279,5
6281,7
6283,2
6284,6
6286,7
6287,4
6290,10
6291,5
6294,0
6295,4
6296,4
6297,1
6298,4
6299,6
6300,4
6301,7
6302,14
6303,12
6305,7
6306,6
6308,5
6314,4
6315,4
6316,3
6318,4
6322,15
6323,15
6327,6
6329,7
6331,6
6332,13
6333,15
6335,7
6337,5
6338,4
6339,7
6341,7
6342,7
6344,13
6345,11
6348,11
6349,7
6350,14
6355,11
6356,17
6357,4
6358,11
6365,14
6367,4
6368,6
6369,4
6370,7
6373,4
6375,6
6377,3
6378,5
6379,15
6380,6
6383,5
6384,5
6385,7
6386,17
6387,15
6390,11
6395,0
6400,6
6404,4
6405,1
6408,6
6410,4
6412,17
6413,17
6414,3
6415,4
6416,7
6419,7
6422,16
6423,4
6424,4
6425,4
6426,17
6427,3
6428,4
6429,17
6431,7
6432,4
6433,6
6436,7
6440,7
6442,13
6446,13
6447,16
6448,0
6449,7
6450,7
6452,7
6454,7
6458,1
6460,7
6461,7
6464,4
6465,7
6466,7
6467,5
6468,13
6470,17
6473,15
6474,7
6476,12
6477,7
6480,4
6482,4
6484,7
6493,7
6498,16
6502,10
6503,0
6506,15
6509,13
6513,13
6514,10
6515,5
6516,7
6518,16
6521,4
6522,4
6525,7
6527,1
6528,4
6530,15
6531,7
6533,4
6534,1
6535,4
6536,2
6537,0
6538,12
6539,4
6541,0
6547,7
6548,15
6550,4
6552,15
6559,4
6561,4
6562,7
6564,13
6565,7
6566,1
6568,4
6571,7
6579,4
6582,15
6584,4
6585,7
6586,4
6587,4
6591,7
6592,7
6593,4
6595,0
6596,4
6598,6
6599,7
6600,4
6602,10
6603,5
6609,7
6611,7
6612,6
6613,7
6615,10
6617,17
6618,0
6620,4
6624,0
6628,4
6629,10
6630,1
6636,13
6638,4
6639,15
6641,7
6643,7
6644,13
6645,1
6646,7
6650,4
6658,4
6659,4
6662,4
6663,5
6664,0
6665,10
6666,7
6669,7
6671,7
6676,6
6678,14
6679,6
6683,7
6684,13
6686,8
6690,4
6695,10
6703,10
6706,7
6707,10
6708,7
6709,5
6710,13
6711,4
6713,13
6718,4
6721,7
6722,13
6723,0
6724,7
6725,1
6728,7
6730,4
6731,10
6732,13
6735,7
6739,11
6743,1
6744,10
6748,10
6751,15
6753,7
6754,8
6755,10
6757,5
6760,7
6762,13
6763,4
6764,0
6765,7
6768,7
6769,4
6770,7
6771,4
6772,6
6773,4
6774,8
6776,13
6777,7
6779,4
6780,6
6782,11
6783,4
6785,17
6786,7
6787,7
6788,4
6790,14
6791,7
6793,7
6794,3
6796,7
6797,5
6798,5
6800,0
6803,10
6806,5
6807,4
6808,0
6810,15
6811,4
6812,4
6813,13
6814,0
6816,4
6818,7
6820,7
6822,7
6826,17
6827,4
6828,7
6829,4
6830,15
6832,7
6835,10
6840,4
6850,4
6851,13
6852,7
6856,11
6857,1
6858,7
6862,5
6863,11
6864,11
6867,4
6868,5
6869,6
6870,12
6872,0
6873,4
6874,0
6875,4
6877,4
6879,15
6880,10
6881,4
6883,7
6884,5
6885,15
6887,7
6888,10
6889,2
6890,7
6892,4
6893,5
6896,16
6898,7
6902,7
6906,7
6909,15
6918,7
6920,5
6927,7
6930,6
6932,5
6934,0
6935,6
6936,4
6940,7
6942,4
6944,4
6945,6
6947,7
6950,1
6951,4
6952,10
6953,13
6954,12
6957,4
6958,10
6959,14
6961,7
6963,6
6964,15
6966,14
6970,13
6971,15
6974,4
6975,15
6977,0
6978,4
6979,15
6981,7
6982,16
6983,13
6985,7
6986,1
6987,5
6989,5
6990,0
6991,13
6992,7
6993,4
6995,4
6996,14
6997,5
6999,4
7000,4
7001,14
7002,7
7003,15
7004,4
7005,4
7007,7
7008,13
7009,7
7010,7
7011,7
7012,4
7013,7
7016,7
7017,0
7018,15
7020,13
7022,0
7023,4
7024,7
7025,16
7026,4
7027,17
7028,5
7029,15
7034,7
7036,4
7038,13
7040,7
7042,7
7043,7
7044,5
7045,8
7046,4
7048,5
7050,11
7051,4
7055,4
7056,7
7058,4
7059,3
7060,11
7061,13
7062,7
7063,7
7064,8
7065,16
7067,4
7068,12
7069,7
7070,17
7071,7
7072,17
7073,4
7074,4
7075,11
7076,5
7078,7
7079,7
7080,13
7081,4
7082,4
7083,7
7084,13
7085,13
7086,7
7087,1
7088,13
7089,4
7090,1
7091,4
7093,4
7095,7
7096,6
7099,14
7101,13
7102,7
7104,16
7107,4
7108,5
7110,7
7111,7
7115,12
7116,10
7117,10
7121,4
7122,7
7123,8
7125,7
7126,4
7130,7
7131,7
7132,4
7135,15
7136,13
7137,13
7139,13
7142,7
7143,16
7147,7
7149,4
7150,4
7151,13
7152,15
7153,7
7154,13
7155,4
7156,16
7158,7
7160,7
7161,4
7162,7
7163,14
7164,8
7165,11
7171,6
7172,7
7173,13
7177,7
7178,7
7179,7
7180,15
7182,4
7186,4
7189,4
7190,7
7192,0
7193,0
7195,5
7196,7
7198,4
7199,4
7204,7
7206,4
7207,4
7208,7
7209,4
7210,17
7211,13
7212,13
7215,13
7216,5
7217,7
7219,7
7222,7
7223,12
7228,8
7234,7
7235,10
7236,14
7238,7
7243,7
7245,10
7247,1
7248,7
7250,4
7254,7
7255,4
7256,1
7257,15
7258,5
7260,13
7263,7
7265,7
7266,14
7272,7
7282,10
7283,7
7285,7
7293,13
7294,4
7299,7
7300,0
7302,0
7303,16
7305,12
7307,0
7308,1
7309,0
7311,13
7312,7
7315,7
7316,4
7317,4
7318,7
7319,10
7320,13
7323,4
7324,1
7325,4
7327,7
7334,4
7335,9
7340,4
7343,6
7346,4
7347,15
7348,15
7349,7
7352,7
7354,13
7355,2
7357,7
7358,6
7360,7
7361,14
7362,7
7366,4
7367,5
7369,4
7371,12
7372,7
7373,10
7374,3
7375,13
7376,0
7379,16
7380,13
7381,4
7382,7
7386,1
7387,7
7394,4
7395,4
7396,7
7407,1
7411,4
7415,12
7419,4
7437,4
7438,0
7439,5
7444,13
7445,12
7448,4
7449,7
7450,13
7451,4
7453,0
7454,1
7456,7
7458,16
7459,5
7460,7
7478,7
7481,7
7482,5
7484,6
7487,7
7492,10
7493,7
7502,16
7505,12
7541,4
7560,15
7564,10
7566,6
7569,15
7570,15
7571,5
7572,7
7573,0
7574,7
7577,11
7579,7
7583,7
7584,4
7585,7
7586,16
7587,15
7613,7
7614,17
7615,7
7616,15
7619,7
7620,4
7624,7
7625,7
7627,4
7636,10
7649,1
7650,10
7669,13
7697,13
7698,7
7700,0
7701,13
7702,7
7705,4
7706,11
7708,4
7713,7
7714,11
7720,13
7728,5
7738,4
7743,3
7748,5
7753,7
7757,1
7759,7
7762,7
7764,10
7766,15
7767,7
7771,1
7773,7
7774,1
7782,7
7786,6
7787,16
7789,7
7790,4
7791,15
7792,15
7802,1
7809,13
7810,14
7811,7
7812,14
7815,4
7817,8
7818,4
7820,7
7822,13
7826,15
7827,14
7831,12
7832,12
7833,12
7834,4
7835,4
7836,6
7840,1
7841,8
7842,7
7843,4
7844,0
7845,4
7846,10
7872,4
7878,5
7881,10
7882,10
7883,10
7888,4
7889,17
7892,0
7894,17
7895,7
7897,4
7899,0
7914,6
7915,0
7916,4
7919,7
7920,4
7921,10
7922,7
7924,7
7925,1
7926,7
7932,6
7934,4
7935,10
7936,16
7938,7
7939,7
7941,4
7942,13
7943,9
7944,15
7946,7
7947,7
7948,7
7951,8
7958,5
7959,7
7976,7
7979,11
7980,7
7981,7
7982,7
7983,4
7984,10
7987,10
7990,11
7991,0
7995,7
8003,7
8008,11
8009,7
8010,7
8011,6
8012,4
8014,7
8015,3
8016,7
8019,7
8033,5
8039,17
8042,7
8044,9
8056,5
8057,7
8070,7
8093,0
8094,17
8117,0
8121,4
8123,4
8125,7
8126,7
8128,7
8129,6
8130,6
8131,4
8132,0
8133,7
8136,5
8137,10
8138,14
8142,5
8143,7
8147,7
8154,7
8157,8
8158,7
8167,13
8169,8
8183,4
8187,4
8188,7
8189,4
8190,7
8191,7
8194,7
8195,7
8196,10
8197,7
8199,7
8207,5
8208,7
8225,10
8228,12
8235,13
8236,9
8239,4
8240,7
8253,2
8254,8
8256,13
8257,16
8261,7
8263,11
8264,6
8266,11
8267,7
8268,0
8273,13
8275,4
8290,5
8327,7
8331,4
8332,7
8336,13
8337,7
8338,7
8340,15
8341,1
8360,4
8361,1
8362,4
8363,4
8364,7
8366,4
8367,7
8368,8
8369,15
8370,4
8371,15
8372,2
8373,15
8376,4
8385,13
8387,5
8388,7
8392,7
8403,1
8404,15
8410,5
8420,7
8422,13
8423,13
8447,14
8451,7
8453,4
8459,13
8460,13
8462,7
8463,7
8464,7
8465,5
8477,14
8482,7
8484,16
8485,7
8487,11
8491,5
8492,7
8493,7
8494,7
8499,7
8502,11
8504,7
8507,7
8511,4
8522,4
8524,7
8525,4
8526,1
8527,7
8528,4
8529,4
8530,7
8531,4
8533,13
8534,7
8535,7
8537,2
8542,11
8544,4
8571,7
8572,3
8574,4
8575,7
8576,4
8577,6
8580,1
8581,7
8582,16
8583,1
8584,7
8589,7
8591,1
8596,5
8600,7
8604,0
8607,2
8609,4
8610,4
8611,4
8612,3
8614,4
8616,11
8617,7
8618,7
8620,4
8622,6
8623,4
8625,6
8629,4
8633,4
8636,0
8638,7
8640,7
8641,4
8642,4
8643,13
8644,15
8645,7
8650,7
8654,1
8656,5
8657,17
8661,17
8665,5
8666,0
8667,13
8670,12
8672,7
8675,0
8684,7
8689,5
8690,14
8695,4
8699,7
8700,1
8709,13
8711,4
8712,13
8713,11
8718,7
8720,4
8722,4
8724,16
8725,13
8727,7
8730,7
8743,14
8745,7
8751,9
8752,7
8753,6
8754,7
8761,7
8763,11
8765,5
8766,9
8767,5
8768,5
8772,7
8777,7
8779,7
8781,15
8783,12
8784,13
8785,7
8790,4
8795,1
8796,4
8797,6
8798,15
8799,4
8800,14
8807,1
8808,4
8810,15
8811,8
8813,7
8814,4
8819,11
8820,11
8821,11
8823,4
8827,4
8828,15
8830,10
8831,5
8832,7
8833,13
8835,7
8836,15
8838,7
8839,10
8840,7
8848,7
8850,3
8851,4
8853,7
8854,10
8857,7
8859,4
8860,7
8861,10
8864,4
8865,14
8866,4
8870,7
8871,4
8872,4
8873,7
8874,4
8879,5
8880,7
8882,15
8884,4
8892,10
8893,4
8899,7
8903,10
8906,10
8907,4
8908,15
8910,4
8911,13
8914,7
8915,7
8916,13
8917,1
8918,4
8920,7
8921,13
8923,7
8927,4
8928,10
8929,7
8930,6
8931,6
8933,7
8935,4
8937,0
8938,6
8943,7
8946,4
8947,12
8948,4
8949,4
8950,7
8951,7
8954,6
8955,15
8957,15
8958,7
8961,0
8963,7
8964,7
8965,1
8966,7
8968,5
8969,7
8970,7
8972,0
8973,7
8974,1
8977,7
8979,6
8981,7
8982,7
8983,0
8984,0
8985,15
8986,4
8987,6
8988,4
8989,4
8998,6
8999,6
9000,6
9001,4
9004,3
9005,12
9010,13
9012,7
9018,6
25737,10
25744,6
25750,8
25752,4
25753,7
25755,10
25763,7
25764,7
25769,4
25771,8
25773,5
25774,4
25777,4
25788,7
25792,7
25795,13
25801,4
25805,4
25807,5
25825,9
25826,4
25827,4
25828,13
25839,13
25841,7
25842,8
25850,4
25852,15
25856,7
25865,7
25868,4
25874,4
25882,7
25886,7
25891,8
25898,7
25900,7
25901,7
25904,9
25906,13
25911,15
25916,16
25920,5
25927,15
25929,9
25930,15
25937,11
25940,7
25941,7
25945,9
25947,4
25952,7
25962,1
25965,4
25971,13
25972,9
25993,7
25995,7
25996,7
25999,7
26003,16
26005,1
26007,16
26009,7
26010,11
26012,1
26013,1
26025,1
26052,5
26079,7
26082,7
26084,4
26085,7
26086,7
26093,13
26094,7
26111,7
26116,15
26117,9
26122,10
26125,4
26131,16
26133,3
26147,4
26150,16
26151,7
26152,4
26157,10
26160,4
26163,11
26164,8
26171,4
26172,15
26176,6
26178,13
26180,7
26188,7
26198,4
26199,4
26208,13
26228,13
26229,7
26231,7
26241,7
26242,15
26251,7
26258,17
26265,10
26268,4
26271,7
26294,17
26302,7
26303,15
26313,4
26317,7
26318,4
26320,7
26322,5
26323,4
26324,7
26325,16
26326,7
26338,13
26342,5
26346,7
26349,5
26350,7
26366,6
26371,7
26375,5
26386,15
26391,7
26393,15
26394,13
26400,6
26403,8
26404,7
26409,10
26413,4
26414,7
26422,4
26425,0
26430,7
26435,4
26462,7
26464,0
26467,7
26471,6
26472,7
26480,12
26485,7
26487,7
26492,10
26494,7
26501,13
26505,4
26509,14
26513,4
26524,6
26528,7
26547,4
26554,14
26555,4
26562,7
26564,11
26574,4
26578,7
26581,6
26585,15
26587,13
26599,7
26603,14
26606,10
26614,15
26622,7
26631,12
26649,1
26655,6
26662,3
26663,15
26680,11
26684,10
26686,4
26689,7
26693,7
26694,7
26695,7
26700,4
26701,7
26702,15
26704,15
26712,6
26726,4
26729,6
26731,7
26732,4
26736,0
26737,5
26749,7
26750,17
26775,4
26776,4
26782,7
26784,5
26788,4
26791,16
26797,6
26809,7
26810,7
26812,7
26819,0
26835,15
26838,4
26840,4
26842,4
26843,13
26850,7
26854,0
26865,0
26870,4
26886,0
26903,2
26915,4
26947,5
26974,7
26999,13
27002,6
27005,7
27020,13
27022,5
27032,4
27075,4
27109,7
27156,8
27178,4
27186,8
27193,0
27251,4
27253,4
27255,7
27266,7
27317,12
27322,6
27329,6
27334,6
27338,10
27351,10
27369,4
27373,7
27376,15
27397,5
27410,16
27416,7
27423,4
27441,10
27478,4
27482,12
27523,13
27544,4
27555,4
27592,5
27604,12
27611,14
27646,7
27648,4
27660,0
27664,7
27674,15
27685,4
27689,5
27700,7
27704,7
27706,8
27713,6
27721,13
27722,7
27724,7
27727,13
27728,7
27731,2
27741,13
27751,15
27768,7
27772,10
27773,15
27778,8
27783,7
27784,12
27788,12
27790,3
27792,7
27793,0
27798,10
27800,2
27801,15
27802,15
27803,7
27808,13
27812,11
27815,7
27816,1
27821,15
27822,7
27826,4
27831,15
27834,7
27837,0
27838,15
27839,12
27846,6
27850,6
27851,7
27857,11
27867,0
27869,16
27871,7
27873,6
27875,5
27876,7
27878,6
27879,6
27882,6
27899,6
27904,12
27912,6
27922,6
30707,7
30712,9
30723,7
30745,12
30749,7
30783,15
30793,1
30803,7
30810,1
30812,7
30816,7
30818,11
30820,7
30822,4
30825,4
30846,5
30848,7
30850,7
30867,4
30883,8
30892,6
30894,14
30898,13
31000,4
31026,10
31035,7
31101,0
31104,7
31109,7
31114,4
31116,16
31150,14
31156,4
31162,4
31184,14
31193,2
31221,0
31225,7
31270,7
31284,11
31290,8
31364,12
31374,13
31408,13
31410,16
31413,7
31420,15
31422,3
31427,15
31431,15
31433,13
31435,7
31437,7
31445,4
31502,7
31522,7
31524,7
31547,16
31549,14
31658,1
31660,2
31682,11
31685,4
31689,6
31694,11
31696,10
31700,7
31724,4
31737,15
31747,13
31770,9
31804,14
31878,4
31903,13
31921,1
31923,1
31930,7
31952,12
31956,13
31963,4
31973,7
32017,4
32019,5
32022,6
32025,15
32029,7
32031,8
32078,14
32139,7
32153,8
32160,4
32170,5
32174,0
32203,7
32211,0
32234,7
32280,11
32289,7
32291,7
32296,1
32298,13
32302,6
32349,7
32352,8
32369,15
32371,5
32381,11
32387,0
32395,8
32444,11
32456,4
32460,5
32464,7
32469,5
32515,17
32525,7
32554,15
32562,2
32582,6
32587,0
32591,7
32596,0
32598,13
32632,5
32666,4
32686,10
32728,7
32735,7
32743,10
32797,7
32825,4
32840,2
32844,16
32853,16
32882,11
32892,7
32898,1
32914,10
32943,7
33004,14
33021,4
33085,10
33124,7
33138,7
33145,7
33154,6
33158,0
33162,7
33164,10
33166,5
33171,7
33296,4
33312,4
33358,4
33380,4
33437,7
33493,1
33495,4
33499,13
33558,1
33587,13
33592,7
33615,1
33621,7
33639,6
33646,7
33660,7
33669,7
33672,4
33679,4
33681,0
33683,15
33688,13
33750,7
33760,7
33794,0
33817,13
33826,4
33830,4
33834,0
33836,8
33838,6
33880,7
33896,10
33903,5
33912,4
33917,7
34002,4
34018,4
34048,0
34072,6
34129,4
34143,7
34150,14
34153,6
34162,13
34164,4
34198,4
34271,5
34319,15
34321,4
34323,10
34326,7
34332,1
34334,15
34336,13
34338,4
34359,4
34364,7
34405,1
34435,0
34437,7
34517,12
34520,1
34523,4
34528,7
34530,4
34532,12
34534,5
34536,7
34542,6
34552,7
34583,7
34608,13
35836,4
35957,15
36152,7
36276,7
36289,1
36397,2
36401,15
36509,0
36517,7
36519,5
36525,13
36527,7
36529,0
36533,10
36535,4
36553,7
36708,1
36931,7
37211,4
37240,6
37277,11
37380,0
37382,5
37384,4
37386,14
37475,7
37477,0
37720,10
37727,0
37729,4
37731,7
37733,7
37736,7
37739,7
37741,5
37785,5
37830,8
37853,5
37855,7
37857,7
38038,1
38061,4
38304,6
38384,4
38499,7
38798,7
38886,7
38992,7
38994,13
39052,14
39183,7
39231,7
39234,7
39292,5
39307,7
39381,7
39398,7
39408,7
39414,13
39416,4
39419,7
39421,4
39427,15
39435,17
39444,4
39446,15
39659,7
39715,4
39768,11
39779,1
39869,7
39941,7
40148,7
40226,0
40278,16
40339,1
40412,15
40414,7
40491,7
40574,7
40581,4
40583,7
40597,7
40614,7
40629,7
40723,5
40732,15
40815,8
40817,7
40819,11
40826,7
40833,7
40851,1
40870,7
40946,11
40959,0
41226,7
41285,7
41336,7
41527,16
41566,3
41569,15
41571,13
41573,13
41585,7
41714,4
41716,7
41769,4
41863,1
41912,12
41997,15
42002,11
42004,1
42007,13
42009,4
42011,5
42013,4
42015,7
42163,6
42191,2
42197,5
42217,7
42351,16
42418,1
42632,7
42677,6
42681,1
42718,0
42721,0
42723,10
42725,4
42728,13
42730,7
42732,4
42734,4
42738,10
42740,4
42783,7
42900,4
42935,7
42946,4
42958,3
43177,5
43267,0
43333,7
43351,7
43376,16
43391,4
43396,7
43419,4
43556,7
43558,0
43560,3
43635,4
43679,15
43708,6
43744,13
43832,15
43836,1
43838,10
43869,4
43871,15
43899,7
43904,15
43908,7
43910,6
43917,1
43919,13
43921,0
43928,14
43930,4
43932,15
43936,5
44004,4
44022,2
44073,7
44191,0
44193,4
44195,4
44197,7
44199,7
44204,5
44225,8
44245,10
44301,5
44317,4
44397,15
44421,6
44511,6
44555,7
44587,7
44597,5
44613,7
44633,6
44665,7
44671,14
44694,7
44709,7
44717,13
44731,15
44759,7
44761,7
44788,6
44828,14
44840,4
44849,15
44864,4
44911,7
44972,10
44974,7
45000,4
45028,7
45062,7
45081,15
45172,7
45179,7
45183,5
45186,15
45208,4
45210,5
45221,4
45382,13
45431,3
45440,4
45442,1
45447,15
45499,14
45501,13
45506,7
45517,4
45521,7
45662,10
45666,4
45668,8
45672,7
45679,12
45720,4
45722,1
45726,4
45728,4
45730,8
45732,13
45837,6
45880,13
45928,6
45942,7
45950,6
45969,13
45987,11
46062,3
46322,0
46335,7
46337,2
46347,6
46530,1
46544,7
46559,7
46561,6
46574,4
46578,4
46664,12
46723,15
46772,4
46850,6
46855,16
46865,4
46919,7
46948,2
46965,15
46967,8
46970,4
46972,0
46974,7
46976,13
47044,7
47092,7
47099,7
47122,13
47124,2
47148,4
47152,7
47196,13
47200,15
47202,13
47254,5
47261,12
47274,7
47287,5
47330,0
47382,13
47384,4
47404,1
47423,7
47465,8
47491,7
47493,11
47518,4
47606,3
47610,12
47629,7
47640,4
47714,13
47721,3
47728,5
47810,15
47815,7
47894,16
47937,4
47950,12
47952,0
47978,7
47997,4
47999,6
48032,7
48043,13
48061,4
48082,4
48142,15
48159,4
48165,7
48198,16
48231,10
48262,6
48268,13
48301,7
48304,1
48319,1
48322,4
48385,4
48394,15
48414,3
48501,4
48516,15
48518,10
48520,4
48522,0
48560,7
48591,7
48593,4
48596,7
48660,13
48682,4
48696,13
48698,6
48711,0
48738,15
48741,6
48744,13
48774,1
48780,12
48783,7
48791,7
48817,4
48856,7
48872,15
48877,5
48972,10
48982,4
48997,7
49013,4
49132,6
49220,4
49225,6
49265,7
49272,1
49274,2
49278,0
49280,7
49284,4
49286,13
49299,13
49314,7
49394,7
49396,4
49526,4
49528,15
49530,1
49647,4
49649,8
49651,0
49688,7
49772,13
49817,2
49822,15
49824,7
49902,4
49910,7
49917,6
49932,7
49957,7
49961,7
50005,0
50011,8
50064,7
50068,16
50147,15
50160,7
50162,3
50189,13
50245,7
50259,7
50442,5
50445,15
50514,7
50583,7
50601,1
50641,4
50651,4
50658,6
50685,13
50703,6
50740,6
50742,6
50792,4
50794,0
50798,4
50802,4
50804,10
50806,13
50842,4
50851,6
50872,3
50912,13
50923,7
50954,13
51044,4
51077,8
51080,15
51084,4
51086,12
51088,4
51091,7
51094,4
51127,6
51174,7
51207,10
51255,0
51277,0
51304,15
51357,7
51372,11
51380,4
51412,15
51418,7
51471,7
51540,15
51575,1
51662,0
51698,1
51705,4
51709,14
51773,7
51834,13
51884,13
51925,12
51927,12
51931,7
51935,7
51937,15
51939,1
52241,7
52245,13
52281,10
52287,14
52319,1
52328,1
52378,9
52435,4
52456,5
52458,7
52460,15
52462,8
52528,7
52545,4
52579,7
52604,12
52606,4
52617,7
52644,15
52666,10
52668,4
52694,4
52712,5
52717,0
52722,1
52730,3
52767,6
52831,15
52885,2
52913,7
52950,0
52952,7
52967,7
52973,13
52975,7
53000,15
53024,6
53038,7
53121,4
53123,13
53125,8
53129,7
53133,7
53138,1
53189,4
53207,5
53318,7
53322,5
53326,10
53435,10
53447,5
53460,4
53464,0
53466,5
53468,4
53519,5
53550,7
53737,7
53883,6
53887,7
53894,6
53953,10
53956,4
53972,5
53974,4
53993,8
53996,15
53999,5
54001,1
54004,4
54190,7
54220,7
54251,4
54256,4
54259,4
54270,10
54272,2
54276,7
54281,7
54286,15
54290,4
54328,4
54331,4
54372,5
54419,6
54426,4
54503,4
54513,7
54648,5
54732,4
54734,4
54736,0
54745,4
54768,4
54771,14
54775,15
54780,4
54785,10
54787,15
54881,6
54910,10
54995,14
54997,17
54999,5
55031,4
55052,13
55063,6
55069,7
55071,6
55078,13
55094,12
55100,4
55110,7
55116,15
55118,15
55156,6
55167,2
55207,7
55232,0
55245,13
55247,1
55250,4
55253,16
55259,8
55261,7
55267,7
55269,7
55272,7
55274,7
55276,15
55280,7
55282,15
55290,5
55294,5
55363,5
55417,7
55442,7
55444,7
55451,4
55498,13
55555,7
55566,4
55577,5
55652,7
55684,0
55687,6
55721,5
55732,7
55757,4
55765,15
55768,4
55805,7
55814,7
55820,7
55830,4
55851,6
55872,11
55895,15
55908,7
55946,7
55995,2
55999,4
56003,14
56015,7
56030,6
56069,4
56079,4
56095,7
56145,14
56152,13
56156,0
56169,7
56171,1
56174,15
56176,4
56251,4
56274,7
56286,7
56333,7
56336,15
56339,7
56367,4
56563,6
56587,4
56607,7
56633,15
56715,13
56757,15
56775,1
56782,7
56788,16
56801,14
56805,4
56869,4
56885,7
56908,4
56915,1
56921,0
56941,13
56949,4
57038,7
57223,0
57243,4
57274,7
57326,8
57353,5
57368,15
57401,5
57418,13
57430,11
57453,4
57504,7
57526,15
57528,16
57532,4
57640,8
57669,5
57792,4
57845,6
57910,4
57951,0
57972,6
57980,4
58025,1
58029,7
58047,4
58103,0
58105,7
58107,7
58146,4
58154,13
58156,4
58191,6
58293,15
58295,5
58297,7
58299,4
58301,15
58303,5
58306,7
58315,4
58347,8
58351,7
58365,6
58376,6
58425,6
58432,4
58520,7
58554,7
58559,7
58627,0
58649,16
58655,4
58706,7
58803,5
58839,4
58879,11
58889,6
58904,5
58964,10
58972,8
58975,15
58998,13
59014,4
59016,5
59018,13
59022,1
59037,0
59103,4
59118,4
59126,4
59141,7
59143,4
59180,1
59258,4
59273,4
59306,10
59315,0
59333,13
59339,4
59369,5
59387,7
59392,14
59418,5
59421,4
59429,4
59447,7
59501,1
59519,7
59549,7
59590,11
59594,5
59615,4
59669,6
59684,6
59721,4
59725,4
59727,15
59731,6
59784,3
59805,17
59810,7
59814,5
59832,5
59834,1
59846,13
59900,4
59935,1
59945,1
59985,13
59995,5
60037,15
60040,0
60069,3
60072,15
60074,1
60086,7
60126,4
60128,4
60135,6
60137,6
60161,2
60291,6
60293,4
60295,6
60333,6
60343,1
60382,6
60384,6
60397,13
60471,0
60487,4
60514,1
60516,14
60609,12
60649,4
60674,14
60684,0
60753,5
60756,4
60760,14
60763,6
60766,6
60832,15
60857,7
60937,8
60943,7
60950,4
60990,7
61013,13
61024,4
61026,7
61071,4
61075,13
61123,7
61132,16
61160,2
61167,12
61206,7
61210,14
61236,2
61240,7
61248,14
61250,4
61289,17
61323,5
61348,4
61350,1
61352,5
61357,6
61361,7
61394,4
61401,4
61465,15
61634,7
61646,7
61705,15
61729,4
62049,14
62081,5
62113,4
62115,7
62155,4
62203,10
62250,7
62331,1
62336,8
62344,7
62374,7
62376,3
62378,4
62383,1
62394,5
62434,13
62437,7
62511,7
62644,7
62718,4
62733,12
62764,14
62792,5
62801,0
62849,5
62912,11
62956,4
62999,3
63062,5
63072,15
63082,7
63113,1
63131,4
63179,7
63239,13
63276,0
63393,11
63436,5
63479,4
63481,11
63515,7
63540,1
63629,13
63808,7
63826,15
63836,10
63853,17
63859,3
63876,7
63992,8
64030,5
64032,4
64034,7
64114,7
64116,2
64153,10
64197,7
64229,7
64249,4
64278,6
64285,2
64321,4
64338,4
64497,7
64499,7
64501,16
64508,14
64575,7
64614,7
64620,7
64622,13
64660,4
64695,1
64701,7
64716,7
64839,7
64900,13
64957,7
64969,4
64983,16
64990,6
64993,13
64997,0
65037,7
65088,1
65126,4
65130,7
65133,4
65135,4
65188,6
65193,13
65216,15
65230,4
65259,7
65261,2
65310,10
65418,7
65465,7
65514,16
65552,0
65567,12
65577,3
65585,4
65601,15
65638,6
65642,15
65665,7
65682,8
65685,1
65802,4
65982,0
66019,6
66066,10
66090,10
66097,2
66130,0
66171,15
66198,15
66200,13
66203,7
66246,4
66297,2
66310,10
66317,1
66335,2
66371,7
66427,4
66509,7
66544,7
66596,4
66659,7
66665,7
66686,15
66744,7
66785,1
66798,1
66808,0
66915,1
66934,7
67087,4
67193,5
67197,12
67252,0
67255,7
67267,7
67295,3
67361,12
67408,14
67429,2
67504,6
67508,15
67665,11
67695,4
67734,7
67788,13
67799,15
67867,14
67923,7
67957,7
67997,4
68073,4
68099,6
68135,7
68137,7
68157,0
68159,15
68194,7
68205,5
68237,7
68269,7
68319,15
68324,7
68347,7
68358,0
68444,4
68486,16
68536,6
68554,7
68614,7
68659,7
68791,1
68793,4
68835,13
68838,6
68848,13
68872,16
68884,13
68901,7
68932,11
68945,2
68952,10
68954,3
68959,2
68965,4
68967,7
69069,4
69118,12
69122,5
69134,7
69241,7
69253,13
69275,4
69278,0
69280,4
69306,15
69406,4
69436,1
69458,6
69481,0
69495,13
69516,7
69524,1
69526,0
69529,6
69559,9
69604,4
69606,8
69640,15
69644,3
69654,7
69685,4
69712,7
69720,7
69746,2
69757,13
69761,7
69784,4
69805,0
69821,7
69844,13
69849,7
69908,7
69945,5
69951,8
69974,10
70121,17
70159,15
70183,4
70188,13
70201,4
70282,1
70286,14
70293,7
70305,3
70336,14
70344,4
70418,13
70465,7
70488,6
70533,14
70545,4
70565,4
70567,13
70597,4
70599,7
70663,13
70678,7
70697,8
70728,4
70751,7
70762,4
70846,7
70862,6
70898,4
70927,4
70946,8
70984,4
70994,10
71033,13
71057,2
71102,15
71106,14
71108,7
71131,6
71135,15
71156,7
71180,7
71205,10
71211,15
71248,4
71252,10
71254,0
71264,8
71282,6
71304,7
71318,2
71379,10
71390,6
71404,8
71429,4
71433,1
71438,7
71460,13
71462,6
71464,4
71466,7
71468,14
71490,7
71494,4
71518,4
71520,4
71525,4
71530,0
71533,4
71535,4
71573,15
71579,7
71640,6
71650,6
71668,4
71700,10
71732,4
71745,8
71755,7
71804,4
71810,7
71823,13
71838,15
71876,7
71899,4
72011,7
72043,14
72104,2
72109,10
72129,12
72131,6
72165,0
72169,4
72171,4
72176,5
72209,14
72224,4
72226,4
72294,2
72308,0
72356,8
72367,7
72378,7
72380,15
72386,7
72393,12
72395,7
72405,7
72407,15
72479,7
72489,15
72603,2
72605,16
72612,2
72626,17
72630,14
72641,7
72647,7
72683,7
72694,7
72696,4
72701,14
72720,7
72731,7
72733,7
72737,3
72741,7
72762,15
72781,4
72880,7
72919,5
72947,13
72998,1
73015,4
73017,15
73023,7
73042,3
73101,7
73106,4
73168,10
73211,10
73266,7
73268,7
73276,6
73290,7
73319,13
73321,1
73323,12
73344,7
73386,7
73392,6
73469,6
73488,10
73531,7
73572,7
73587,4
73664,2
73741,5
73759,2
73808,5
73854,3
73860,7
73881,4
73929,15
74089,3
74115,2
74152,4
74154,13
74156,15
74228,12
74275,13
74282,7
74324,7
74327,7
74370,10
74416,7
74438,0
74450,13
74452,10
74458,15
74486,2
74508,7
74510,15
74530,8
74532,5
74545,15
74580,3
74624,7
74630,11
74649,4
74668,14
74677,6
74685,0
74688,13
74698,4
74727,4
74740,12
74754,13
74787,7
74789,1
74795,16
74851,5
74868,14
74916,7
74944,15
74946,4
74948,7
75341,7
75349,15
75440,4
75803,4
75805,0
75813,7
75816,4
75823,7
75983,7
75985,14
75990,4
76030,15
76054,7
76060,4
76077,14
76091,7
76093,8
76111,12
76173,5
76175,8
76210,4
76251,0
76272,5
76293,0
76303,7
76738,6
76763,11
77191,4
77201,7
77206,3
77291,7
77307,7
77359,12
77364,12
77414,7
77421,7
77427,10
77435,4
77455,4
77561,1
77658,6
77798,15
77800,4
77808,13
77810,7
77837,7
77846,5
77866,7
77907,6
78034,7
78039,13
78041,0
78088,15
78101,6
78105,0
78111,11
78116,4
78122,2
78160,4
78174,4
78209,4
78218,15
78264,4
78266,14
78316,7
78321,4
78349,15
78467,17
78469,0
78499,2
78517,6
78544,4
78574,7
78637,2
78653,7
78703,7
78729,7
78772,13
78829,6
78836,7
78893,1
78903,7
78967,14
79006,6
79008,4
79029,6
79057,0
79091,3
79132,7
79134,4
79136,7
79139,3
79163,7
79185,0
79203,12
79224,3
79242,4
79251,10
79259,7
79274,2
79293,0
79299,12
79318,6
79357,14
79428,4
79469,4
79553,0
79588,13
79590,4
79592,0
79677,6
79686,11
79695,1
79702,8
79720,5
79796,1
79824,6
79868,12
79879,10
79946,4
80026,14
80083,1
80126,15
80166,13
80185,6
80217,6
80219,4
80241,13
80346,7
80350,4
80363,0
80463,7
80489,15
80549,13
80551,13
80553,7
80572,4
80584,7
80586,13
80590,7
80599,6
80615,2
80693,7
80717,4
80727,5
80736,12
80748,8
80831,7
80839,7
80844,15
80846,12
80858,4
80860,4
80862,12
80864,13
80906,6
80917,14
80969,7
81018,2
81054,4
81083,14
81132,17
81138,15
81156,0
81158,6
81191,6
81229,0
81417,10
81512,8
81516,7
81535,10
81537,4
81562,7
81564,0
81591,15
81641,15
81660,14
81782,7
81784,13
81786,7
81788,7
81819,7
81831,7
81834,1
81845,7
81847,8
81898,6
81910,6
81932,7
81949,7
82035,5
82037,6
82041,10
82093,13
82095,14
82150,1
82152,8
82167,7
82169,3
82173,4
82202,15
82242,4
82313,5
82378,12
82459,17
82461,14
82463,7
82499,4
82527,7
82534,7
82608,13
82667,5
82852,4
82854,8
82931,4
82934,6
83086,11
83096,4
83132,3
83134,4
83177,4
83270,4
83293,6
83318,4
83322,4
83332,6
83349,4
83359,4
83361,4
83374,0
83411,4
83480,1
83506,4
83603,2
83613,14
83803,2
83827,6
83829,-1
83910,4
83976,7
84098,7
84116,7
84152,14
84154,6
84160,6
84187,0
84236,6
84304,4
84312,4
84374,4
84392,15
84395,7
84414,2
84506,7
84601,15
84615,4
84637,2
84696,4
84772,14
84844,5
84847,13
84944,17
84950,4
84952,7
84954,15
85016,6
85020,0
85022,4
85025,7
85056,14
85131,14
85179,4
85213,7
85261,2
85316,2
85342,5
85367,13
85394,6
85397,12
85399,4
85401,7
85412,10
85414,7
85438,13
85510,8
85572,15
85612,7
85736,14
85774,6
85780,14
85788,15
85796,5
85881,4
86000,7
86014,4
86028,4
86059,2
86142,0
86190,12
86290,6
86293,4
86298,2
86320,14
86332,0
86345,4
86347,4
86377,4
86487,7
86504,6
86548,13
86593,1
86626,7
86644,15
86721,8
86781,7
86817,13
86833,4
86835,14
86852,7
86864,8
86880,0
86882,8
86884,7
86892,15
86898,7
86911,4
86982,0
87192,14
87205,7
87218,5
87222,3
87232,1
87234,7
87298,4
87304,7
87306,14
87383,11
87430,1
87444,4
87483,4
87485,4
87520,1
87522,4
87529,0
87598,7
87660,7
87785,0
87869,5
87876,1
87884,7
87930,6
87975,7
88024,7
88106,7
88118,15
88125,0
88129,9
88140,15
88163,4
88179,13
88235,4
88267,2
88272,10
88345,4
88356,3
88380,10
88405,4
88672,4
88682,6
88744,14
88785,4
88810,7
88812,5
88879,0
88932,10
88950,7
88954,4
89000,5
89030,10
89039,13
89045,4
89047,7
89072,10
89085,7
89087,0
89090,6
89102,6
89118,7
89194,4
89203,6
89260,6
89300,7
89305,1
89321,7
89337,6
89343,15
89356,4
89388,4
89408,4
89427,10
89470,14
89492,7
89678,13
89745,14
89753,7
89759,7
89761,7
89774,7
89804,7
89837,10
89840,0
89864,4
89870,7
89881,3
89904,13
90057,7
90061,7
90249,0
90266,6
90343,7
90345,12
90357,7
90374,15
90376,15
90403,0
90405,15
90428,7
90430,7
90439,15
90469,10
90522,15
90524,7
90531,7
90576,13
90600,15
90603,0
90647,1
90717,5
90719,7
90738,7
90746,0
90863,6
90866,7
90870,15
90888,7
90890,4
90947,7
91077,4
91094,3
91104,8
91126,16
91128,7
91134,7
91199,13
91273,0
91286,3
91323,4
91325,7
91355,2
91414,7
91470,0
91483,5
91485,0
91488,11
91500,14
91505,7
91529,5
91535,7
91542,1
91548,6
91582,17
91610,7
91622,7
91628,13
91630,0
91653,4
91658,7
91660,0
91673,7
91688,15
91690,4
91842,5
91869,6
91873,11
91886,3
91890,7
91935,7
91947,4
91974,8
91976,0
91978,5
92004,4
92008,0
92048,15
92058,10
92163,6
92198,7
92206,15
92210,7
92234,7
92259,4
92264,4
92309,15
92420,0
92424,7
92439,7
92494,6
92496,4
92498,4
92507,0
92509,7
92535,4
92613,7
92665,7
92681,14
92694,7
92751,4
92756,4
92938,8
92954,7
92966,4
93040,6
93061,7
93242,7
93265,7
93270,4
93272,11
93287,4
93320,5
93324,6
93326,0
93363,0
93422,4
93432,6
93443,7
93498,7
93510,5
93512,7
93563,15
93693,4
93700,6
93721,6
93766,1
93805,4
93831,4
93838,5
93840,14
93855,7
93980,4
93982,12
94011,0
94015,4
94018,15
94024,6
94070,7
94266,13
94323,4
94325,7
94466,7
94478,4
94480,1
94494,7
94672,7
94677,4
94777,4
94780,7
94799,7
94833,3
94864,10
94896,5
94919,7
94931,7
94939,4
94953,4
94959,4
94969,7
95067,4
95088,7
95105,2
95113,8
95115,8
95135,7
95147,3
95165,0
95167,0
95182,2
95199,4
95201,4
95207,8
95307,11
95309,4
95311,2
95313,3
95375,3
95377,11
95441,8
95443,7
95449,7
95473,2
95475,2
95499,1
95508,5
95510,1
95543,1
95558,8
95567,7
95583,15
95654,2
95720,14
95740,3
95744,4
95752,4
95761,15
95780,2
95782,0
95858,3
95873,13
95875,0
95949,4
95963,2
95965,1
96004,1
96007,2
96020,7
96075,7
96079,15
96110,4
96114,5
96150,6
96281,4
96314,13
96373,7
96417,0
96432,7
96448,10
96467,7
96488,6
96490,10
96530,4
96563,6
96565,4
96588,11
96590,0
96606,6
96610,0
96616,4
96634,10
96655,7
96667,6
96691,0
96726,13
96728,7
96737,14
96792,4
96811,7
96815,10
96821,13
96829,7
96832,8
96849,11
96861,7
96863,15
96901,6
96911,7
97057,7
97168,6
97188,15
97225,4
97230,6
97254,7
97304,7
97306,4
97328,4
97393,6
97395,6
97470,0
97593,10
97639,6
97673,6
97742,0
97744,6
97752,7
97757,6
97817,6
97826,7
97836,0
97858,7
97860,7
97866,6
97870,7
97895,7
97913,4
97921,4
97923,7
97936,7
97938,7
97957,5
97994,7
98000,13
98056,13
98083,4
98122,6
98124,14
98126,7
98154,7
98160,4
98175,13
98230,7
98243,3
98279,4
98296,5
98369,14
98441,11
98458,4
98473,7
98491,13
98585,7
98587,7
98604,2
98607,2
98611,11
98615,2
98795,6
98803,7
98809,8
98829,8
98836,4
98908,4
98913,7
98933,13
98961,7
98963,15
99005,0
99007,4
99030,7
99085,4
99089,1
99106,4
99112,15
99114,0
99117,7
99145,15
99149,11
99220,4
99270,4
99273,1
99276,7
99296,15
99320,0
99415,4
99437,8
99468,6
99470,15
99574,7
99609,14
99615,7
99669,10
99675,7
99728,0
99741,15
99764,7
99795,6
99811,6
99813,0
99839,4
99846,6
99912,10
99917,15
99992,7
100017,7
100032,6
100034,6
100083,4
100106,6
100159,4
100163,8
100226,7
100272,7
100304,0
100306,7
100326,5
100365,6
100383,12
100390,4
100450,14
100487,7
100498,15
100517,6
100527,7
100553,6
100556,6
100581,6
100714,7
100745,6
100843,4
101025,1
101070,7
101076,0
101088,12
101106,6
101112,0
101142,1
101283,4
101285,7
101360,15
101362,15
101415,13
101525,5
101529,4
101531,7
101577,13
101612,4
101741,5
101850,6
101864,14
101884,1
101895,7
101904,6
101947,6
101962,2
102033,4
102123,0
102125,14
102165,4
102194,7
102217,4
102252,0
102278,15
102378,4
102396,12
102407,7
102445,1
102469,12
102481,4
102588,6
102666,1
102684,7
102686,4
102716,0
102720,2
102753,7
102792,7
102800,7
102819,7
102880,1
102903,15
102905,7
102993,4
102995,7
103042,0
103048,4
103107,6
103137,7
103141,2
103210,2
103221,13
103228,0
103235,15
103249,10
103253,0
103279,7
103299,10
103335,4
103339,7
103341,14
103372,5
103384,1
103444,6
103449,5
103502,4
103539,4
103543,4
103596,14
103624,7
103655,8
103659,14
103671,4
103688,10
103731,7
103755,8
103772,14
103801,4
103810,0
103813,0
103819,4
103865,4
103883,4
103980,7
103984,7
104069,4
104074,3
104076,4
104078,4
104119,7
104129,0
104211,4
104218,4
104241,5
104243,14
104245,2
104272,6
104283,7
104303,7
104312,1
104321,7
104337,7
104339,4
104374,8
104419,0
104441,15
104457,15
104590,7
104595,6
104597,7
104662,11
104726,6
104757,6
104760,5
104841,14
104863,13
104879,7
104881,15
104906,4
104913,7
104925,5
104944,7
105037,4
105121,7
105197,1
105211,4
105213,4
105246,7
105254,1
105351,7
105355,7
105429,6
105468,2
105504,15
105585,15
105593,7
105715,13
105731,10
105755,15
105763,10
105769,2
105844,7
105954,7
106002,1
106004,13
106011,2
106022,4
106062,4
106072,0
106100,7
106111,4
106144,7
106204,7
106236,6
106330,4
106332,6
106397,4
106417,7
106438,7
106441,3
106452,7
106471,8
106473,2
106487,0
106489,8
106491,8
106540,4
106542,4
106642,14
106696,11
106762,14
106766,7
106782,7
106839,7
106870,10
106873,2
106883,4
106916,5
106918,4
106920,14
107042,6
107057,7
107069,16
107081,7
107083,7
107141,7
107314,7
107348,4
107382,6
107406,7
107412,13
107447,4
107516,4
107555,12
107559,7
107636,6
107649,15
107702,4
107769,10
107771,13
107910,6
107945,15
107953,8
107978,7
107999,3
108076,6
108090,1
108156,4
108188,7
108190,14
108192,7
108447,10
108506,10
108514,13
108548,4
108551,7
108583,4
108601,7
108689,14
108709,16
108715,4
108727,7
108729,12
108795,8
108873,7
108928,0
108932,3
108945,0
108949,5
108979,5
108981,7
109042,8
109074,8
109161,7
109183,4
109187,7
109191,7
109205,6
109249,7
109295,15
109317,4
109359,4
109372,13
109374,4
109483,13
109487,14
109576,4
109578,12
109673,0
109687,6
109740,13
109742,4
109846,1
109848,15
109850,5
109853,7
109864,4
109895,4
110058,7
110102,0
110110,7
110127,7
110194,6
110297,5
110348,7
110352,7
110453,7
110461,7
110501,0
110553,0
110586,7
110591,10
110611,15
110645,8
110655,3
110730,14
110748,7
110752,6
110771,13
110781,11
110826,7
110858,7
110871,7
110873,4
110882,7
111113,4
111228,6
111235,14
111249,7
111251,7
111360,14
111362,14
111364,0
111384,15
111443,4
111486,15
111505,4
111529,7
111617,4
111622,13
111624,7
111659,0
111663,4
111680,13
111743,4
111759,0
111781,0
111795,7
111913,7
111921,7
111931,0
112006,2
112062,7
112070,7
112112,4
112138,5
112171,0
112175,2
112183,4
112277,12
112290,7
112303,4
112334,6
112370,0
112399,6
112421,7
112450,4
112460,1
112497,4
112515,7
112550,7
112552,7
112556,15
112577,7
112582,6
112623,14
112653,6
112655,10
112689,12
112735,7
112749,4
112767,4
112788,4
112804,14
112818,10
112850,4
112852,0
112897,1
112911,0
112921,6
112940,15
113064,7
113186,15
113207,11
113220,6
113225,4
113252,4
113275,7
113345,1
113348,4
113378,7
113416,0
113453,5
113532,4
113565,15
113573,15
113640,10
113705,7
113741,15
113780,10
113829,4
113862,15
113938,6
114028,7
114044,10
114060,5
114074,7
114082,4
114122,4
114180,14
114254,6
114265,4
114342,7
114459,7
114464,5
114552,4
114601,7
114635,6
114662,16
114670,7
114707,10
114762,13
114766,10
114795,7
114818,4
114925,7
114935,15
115122,4
115139,3
115147,7
115149,15
115151,5
115170,7
115174,7
115210,0
115216,7
115231,4
115502,4
115534,10
115569,5
115617,2
115624,10
115664,13
115680,7
115713,14
115877,4
115881,8
115927,8
116012,5
116136,7
116161,7
116207,7
116397,15
116413,4
116419,0
116503,10
116660,7
116797,16
116799,13
116823,1
116849,4
116855,13
116887,0
116897,7
116939,0
116977,4
116985,7
117107,7
117121,15
117123,7
117176,13
117192,-1
117434,10
117444,2
117456,7
117511,4
117529,14
117533,6
117590,4
117851,3
117871,16
117895,0
118082,5
118105,4
118248,15
118260,10
118326,5
118334,15
118354,7
118468,2
118696,8
118700,7
118702,7
118814,13
118880,13
118890,4
118898,5
118900,7
118924,4
118985,7
118997,11
119068,7
119141,4
119145,1
119155,1
119655,8
120392,13
120466,15
120635,15
120637,0
120783,7
120799,15
120805,4
120821,6
121113,10
121126,10
121171,6
121231,10
121491,13
121618,7
122490,15
122882,15
122886,14
122888,-1
122890,8
122892,14
122900,14
122902,1
122904,4
122920,0
122924,14
122932,13
123663,4
123695,7
123947,7
124859,7
125916,7
126006,8
126106,-1
126420,0
126430,16
126548,4
127052,4
127096,14
127098,4
127108,13
127114,7
127124,4
127136,15
127144,6
127152,6
127158,6
127164,6
127178,7
127194,4
127198,4
127202,7
127204,4
127206,4
127212,7
127319,15
127728,7
128235,6
128360,17
128512,12
128520,4
128592,15
128606,7
128616,-1
128620,-1
128846,4
129009,7
129191,8
129250,-1
129313,4
129354,5
129364,7
129428,7
129514,4
129653,7
129657,0
129659,7
129737,4
129937,7
130073,8
130083,7
130087,8
130351,6
130448,15
130450,1
130452,7
130490,14
130520,2
130522,2
130576,14
130580,7
130628,7
130634,0
130642,15
130682,10
130960,7
130970,4
130980,6
131013,4
131168,7
131451,10
131714,0
131724,6
131796,7
131830,4
132046,12
132074,6
132146,7
132157,5
132333,7
132458,6
132462,7
132480,7
132488,13
132496,7
132547,7
132549,-1
132618,5
132796,0
132800,4
132888,4
132952,-1
132961,7
133195,0
133281,7
133295,6
133365,15
133377,14
133419,4
133545,7
133645,7
133771,4
133782,10
133798,4
133824,10
134025,-1
134130,1
134158,15
134170,8
134246,15
134368,4
134393,4
134528,4
134569,4
134783,4
134853,4
134859,6
134881,7
135133,1
135137,4
135264,3
135266,1
135268,1
135436,2
135508,4
135518,0
135532,0
135536,14
135567,1
135569,0
135861,4
135887,4
136016,8
136018,7
136020,1
136305,10
136445,4
136447,4
136449,0
136562,7
136592,-1
136598,4
136602,10
136654,7
136666,4
136800,0
136816,4
136864,8
137337,6
137403,7
137595,7
137857,1
138036,4
138204,4
138208,15
138258,7
138546,4
138610,10
138696,13
138698,6
139116,6
139130,0
139385,7
139415,7
139620,3
139642,7
139644,7
139757,6
139855,4
139915,13
140110,4
140152,3
140174,7
140237,7
140247,7
140265,4
140267,10
140523,4
140711,15
140715,7
140725,15
140739,7
140741,13
140743,7
140745,7
140747,7
140749,4
140751,14
140753,-1
140755,13
140757,7
140759,13
140761,4
140763,-1
140816,7
140880,4
140928,4
141124,7
141422,7
141668,7
141688,5
141718,4
141749,7
141866,-1
141886,7
141890,16
141956,10
142068,7
142192,7
142240,7
142258,6
142422,4
142448,15
142488,15
142507,7
142536,7
142997,2
143255,14
143257,4
143377,7
143385,7
143410,-1
143472,10
143657,10
143859,4
144172,10
144620,4
144714,15
144976,17
145150,15
145307,4
145775,6
145839,7
145935,2
146309,1
146443,13
146501,7
146604,4
146656,7
146682,6
146688,15
147006,4
147010,8
147037,4
147426,0
147845,4
148168,4
148238,4
148372,4
148482,7
148626,7
148652,4
148881,2
148888,4
148956,4
149352,4
149354,3
149406,2
149532,-1
149572,4
149590,15
149606,13
149612,15
149830,13
150401,5
150548,0
150856,6
151307,-1
151639,15
152017,7
152025,6
152057,7
152077,15
152079,15
152081,1
152091,4
152173,10
152844,10
153584,4
155064,10
155392,7
155611,6
155820,4
156025,1
156387,7
156607,1
156609,4
156726,15
157200,7
157296,1
157407,5
157667,4
158238,12
158314,4
158528,15
158783,15
158956,10
159093,0
159462,10
159690,4
159755,4
159858,10
159972,14
160080,0
160271,4
160438,0
160440,15
160563,1
160565,10
160567,4
160590,-1
160656,7
160718,2
160954,7
161084,6
161155,14
161336,6
161582,5
161594,14
161830,15
161918,14
161944,7
162376,7
162542,15
162672,1
163056,0
163949,6
164977,4
164979,6
