itemId,genre
0,7
1,3
2,15
3,14
4,7
5,7
6,1
7,7
8,8
9,15
10,1
11,5
12,15
13,14
14,1
15,8
16,1
17,7
18,8
19,17
20,1
21,7
22,4
23,15
24,12
25,4
26,7
27,7
28,4
29,1
30,1
31,15
32,0
33,13
34,5
35,4
36,1
37,7
38,4
39,15
40,4
41,4
42,7
43,7
44,8
45,16
46,4
47,14
48,0
49,5
50,7
51,3
52,7
53,4
54,13
55,15
56,15
57,7
58,13
59,2
60,4
61,4
62,4
63,13
64,0
65,7
66,8
67,8
68,15
69,15
70,4
71,0
72,1
73,0
74,4
75,7
76,7
77,7
78,7
79,7
80,7
81,4
82,13
83,11
84,13
85,4
86,3
87,4
88,3
89,0
90,1
91,0
92,5
93,2
94,8
95,4
96,1
97,5
98,4
99,5
100,8
101,3
102,13
103,5
104,7
105,0
106,0
107,13
108,7
109,0
110,0
111,13
112,1
113,0
114,7
115,10
116,4
117,7
118,0
119,10
120,12
121,7
122,7
123,4
124,7
125,7
126,0
127,6
128,1
129,1
130,13
131,6
132,0
133,2
134,14
135,16
136,7
137,7
138,6
139,3
140,0
141,4
142,5
143,1
144,13
145,7
146,1
147,5
148,15
149,4
150,4
151,14
152,15
153,15
154,7
155,11
156,2
157,7
158,12
159,5
160,12
161,11
162,4
163,3
164,11
165,4
166,3
167,11
168,8
169,3
170,0
171,3
172,4
173,5
174,14
175,4
176,0
177,4
178,4
179,0
180,0
181,0
182,5
183,16
184,5
185,10
186,10
187,11
188,16
189,7
190,4
191,0
192,4
193,4
194,10
195,7
196,8
197,14
198,8
199,8
200,4
201,4
202,1
203,11
204,13
205,15
206,14
207,7
208,15
209,14
210,14
211,4
212,0
213,4
214,0
215,10
216,5
217,14
218,16
219,15
220,15
221,0
222,0
223,15
224,7
225,7
226,11
227,7
228,15
229,7
230,7
231,4
232,0
233,4
234,2
235,7
236,14
237,3
238,14
239,1
240,8
241,6
242,11
243,2
244,11
245,1
246,7
247,2
248,14
249,14
250,3
251,8
252,11
253,4
254,5
255,7
256,1
257,3
258,1
259,3
260,13
261,4
262,8
263,8
264,5
265,7
266,8
267,15
268,4
269,7
270,12
271,15
272,4
273,7
274,12
275,15
276,7
277,5
278,1
279,14
280,6
281,0
282,10
283,0
284,7
285,4
286,4
287,4
288,4
289,13
290,3
291,13
292,10
293,1
294,11
295,15
296,10
297,1
298,4
299,15
300,8
301,15
302,10
303,1
304,4
305,4
306,7
307,7
308,7
309,5
310,8
311,7
312,4
313,7
314,7
315,4
316,4
317,7
318,14
319,13
320,4
321,1
322,7
323,4
324,4
325,14
326,13
327,7
328,7
329,4
330,13
331,4
332,14
333,4
334,13
335,13
336,12
337,12
338,15
339,4
340,4
341,5
342,4
343,8
344,4
345,15
346,7
347,0
348,7
349,4
350,7
351,4
352,7
353,4
354,13
355,11
356,13
357,4
358,5
359,7
360,15
361,13
362,5
363,15
364,8
365,7
366,7
367,8
368,14
369,7
370,7
371,4
372,7
373,1
374,7
375,16
376,3
377,7
378,0
379,13
380,4
381,13
382,8
383,15
384,4
385,5
386,3
387,5
388,1
389,16
390,7
391,7
392,13
393,15
394,4
395,15
396,5
397,0
398,0
399,4
400,1
401,7
402,0
403,10
404,0
405,7
406,1
407,4
408,15
409,2
410,7
411,15
412,8
413,1
414,1
415,7
416,4
417,4
418,5
419,7
420,16
421,14
422,13
423,1
424,4
425,7
426,13
427,14
428,13
429,15
430,14
431,2
432,14
433,7
434,7
435,4
436,3
437,2
438,7
439,16
440,1
441,3
442,4
443,14
444,14
445,4
446,16
447,12
448,15
449,7
450,4
451,7
452,4
453,7
454,7
455,13
456,15
457,5
458,7
459,7
460,7
461,1
462,4
463,4
464,5
465,15
466,4
467,5
468,1
469,7
470,7
471,15
472,7
473,5
474,15
475,0
476,7
477,1
478,1
479,4
480,8
481,15
482,0
483,14
484,15
485,4
486,5
487,5
488,12
489,0
490,7
491,7
492,0
493,13
494,1
495,12
496,1
497,5
498,15
499,13
500,7
501,15
502,4
503,7
504,7
505,15
506,1
507,13
508,13
509,7
510,5
511,4
512,7
513,7
514,7
515,4
516,5
517,8
518,15
519,4
520,0
521,15
522,7
523,4
524,11
525,10
526,10
527,0
528,7
529,12
530,1
531,13
532,0
533,7
534,1
535,4
536,7
537,0
538,8
539,10
540,7
541,0
542,4
543,4
544,15
545,15
546,7
547,4
548,8
549,7
550,4
551,12
552,1
553,0
554,3
555,4
556,7
557,6
558,0
559,7
560,13
561,0
562,5
563,4
564,5
565,15
566,6
567,16
568,1
569,15
570,1
571,0
572,7
573,1
574,15
575,7
576,0
577,1
578,7
579,7
580,1
581,4
582,0
583,7
584,4
585,4
586,10
587,14
588,4
589,7
590,7
591,5
592,4
593,14
594,14
595,4
596,14
597,7
598,1
599,7
600,7
601,3
602,12
603,4
604,4
605,14
606,13
607,4
608,0
609,7
610,4
611,15
612,0
613,6
614,4
615,17
616,4
617,0
618,4
619,7
620,14
621,3
622,3
623,13
624,13
625,7
626,4
627,1
628,13
629,17
630,15
631,0
632,0
633,7
634,4
635,4
636,8
637,12
638,1
639,14
640,2
641,1
642,13
643,7
644,8
645,1
646,14
647,1
648,0
649,3
650,8
651,4
652,5
653,7
654,7
655,7
656,4
657,15
658,13
659,8
660,4
661,13
662,0
663,4
664,4
665,12
666,4
667,7
668,15
669,4
670,14
671,6
672,13
673,5
674,1
675,0
676,7
677,4
678,13
679,7
680,10
681,16
682,7
683,4
684,15
685,13
686,7
687,4
688,6
689,4
690,15
691,7
692,7
693,4
694,4
695,12
696,4
697,0
698,15
699,4
700,4
701,0
702,4
703,7
704,7
705,0
706,7
707,15
708,7
709,5
710,6
711,4
712,7
713,5
714,1
715,4
716,7
717,14
718,7
719,14
720,4
721,4
722,15
723,10
724,17
725,13
726,7
727,13
728,15
729,0
730,7
731,4
732,12
733,0
734,7
735,5
736,7
737,4
738,16
739,9
740,7
741,13
742,3
743,7
744,4
745,7
746,7
747,4
748,5
749,7
750,15
751,7
752,7
753,7
754,0
755,4
756,7
757,6
758,4
759,7
760,7
761,16
762,7
763,16
764,7
765,6
766,14
767,7
768,7
769,0
770,8
771,9
772,16
773,7
774,7
775,0
776,5
777,4
778,7
779,9
780,0
781,7
782,15
783,0
784,9
785,0
786,15
787,7
788,16
789,16
790,7
791,4
792,17
793,12
794,6
795,7
796,4
797,1
798,0
799,14
800,15
801,15
802,6
803,0
804,7
805,4
806,4
807,4
808,7
809,7
810,7
811,13
812,15
813,4
814,7
815,4
816,4
817,0
818,1
819,7
820,4
821,15
822,8
823,4
824,15
825,0
826,12
827,0
828,15
829,1
830,15
831,7
832,10
833,7
834,6
835,15
836,7
837,0
838,15
839,7
840,4
841,15
842,15
843,7
844,15
845,5
846,4
847,15
848,15
849,7
850,4
851,7
852,6
853,1
854,5
855,7
856,15
857,7
858,7
859,10
860,15
861,4
862,7
863,4
864,13
865,7
866,13
867,7
868,7
869,5
870,12
871,7
872,7
873,7
874,7
875,12
876,0
877,7
878,1
879,17
880,7
881,3
882,15
883,4
884,12
885,15
886,4
887,4
888,4
889,7
890,0
891,7
892,7
893,15
894,4
895,7
896,7
897,0
898,7
899,14
900,7
901,4
902,7
903,15
904,7
905,13
906,7
907,7
908,7
909,8
910,13
911,4
912,5
913,7
914,4
915,14
916,15
917,14
918,7
919,4
920,17
921,12
922,7
923,4
924,10
925,0
926,4
927,7
928,15
929,4
930,4
931,13
932,13
933,4
934,4
935,14
936,15
937,8
938,7
939,7
940,4
941,7
942,7
943,4
944,4
945,15
946,3
947,15
948,12
949,10
950,8
951,4
952,0
953,9
954,13
955,4
956,12
957,5
958,5
959,7
960,7
961,1
962,7
963,4
964,7
965,1
966,1
967,7
968,7
969,7
970,15
971,15
972,0
973,0
974,0
975,13
976,7
977,6
978,7
979,7
980,7
981,1
982,4
983,12
984,6
985,8
986,15
987,7
988,7
989,7
990,15
991,7
992,7
993,16
994,7
995,7
996,7
997,1
998,7
999,7
1000,7
1001,6
1002,7
1003,12
1004,4
1005,7
1006,7
1007,4
1008,15
1009,13
1010,15
1011,15
1012,5
1013,5
1014,15
1015,0
1016,7
1017,4
1018,4
1019,4
1020,15
1021,4
1022,15
1023,7
1024,5
1025,7
1026,4
1027,5
1028,12
1029,1
1030,15
1031,5
1032,4
1033,2
1034,9
1035,4
1036,15
1037,4
1038,1
1039,12
1040,7
1041,7
1042,15
1043,1
1044,7
1045,7
1046,15
1047,13
1048,14
1049,7
1050,10
1051,13
1052,4
1053,4
1054,4
1055,16
1056,13
1057,4
1058,7
1059,7
1060,13
1061,7
1062,4
1063,4
1064,4
1065,15
1066,15
1067,15
1068,1
1069,15
1070,9
1071,7
1072,0
1073,5
1074,12
1075,7
1076,7
1077,14
1078,7
1079,4
1080,15
1081,0
1082,7
1083,10
1084,4
1085,4
1086,12
1087,7
1088,7
1089,10
1090,4
1091,7
1092,0
1093,4
1094,10
1095,7
1096,15
1097,7
1098,4
1099,7
1100,4
1101,15
1102,15
1103,7
1104,4
1105,7
1106,4
1107,4
1108,15
1109,13
1110,15
1111,7
1112,6
1113,3
1114,13
1115,14
1116,7
1117,1
1118,1
1119,7
1120,4
1121,14
1122,7
1123,15
1124,7
1125,4
1126,4
1127,4
1128,10
1129,7
1130,7
1131,15
1132,15
1133,7
1134,15
1135,4
1136,14
1137,7
1138,4
1139,14
1140,13
1141,10
1142,13
1143,4
1144,4
1145,15
1146,13
1147,0
1148,16
1149,4
1150,4
1151,7
1152,12
1153,7
1154,7
1155,13
1156,1
1157,7
1158,4
1159,7
1160,7
1161,14
1162,0
1163,0
1164,4
1165,0
1166,0
1167,14
1168,7
1169,7
1170,7
1171,4
1172,15
1173,4
1174,4
1175,5
1176,8
1177,7
1178,4
1179,4
1180,15
1181,14
1182,4
1183,4
1184,14
1185,4
1186,4
1187,0
1188,7
1189,10
1190,4
1191,0
1192,4
1193,4
1194,13
1195,0
1196,7
1197,13
1198,7
1199,7
1200,13
1201,4
1202,7
1203,1
1204,14
1205,10
1206,7
1207,4
1208,13
1209,4
1210,9
1211,8
1212,5
1213,7
1214,4
1215,5
1216,16
1217,7
1218,5
1219,7
1220,4
1221,7
1222,13
1223,7
1224,15
1225,7
1226,7
1227,13
1228,15
1229,4
1230,13
1231,7
1232,4
1233,4
1234,12
1235,12
1236,8
1237,13
1238,0
1239,14
1240,3
1241,10
1242,4
1243,13
1244,13
1245,0
1246,7
1247,13
1248,4
1249,7
1250,15
1251,4
1252,4
1253,4
1254,8
1255,5
1256,4
1257,13
1258,4
1259,7
1260,4
1261,0
1262,7
1263,15
1264,14
1265,15
1266,0
1267,1
1268,3
1269,4
1270,3
1271,14
1272,1
1273,7
1274,14
1275,4
1276,4
1277,14
1278,1
1279,0
1280,7
1281,7
1282,13
1283,15
1284,0
1285,13
1286,4
1287,7
1288,4
1289,8
1290,13
1291,4
1292,13
1293,13
1294,7
1295,5
1296,1
1297,7
1298,7
1299,13
1300,14
1301,4
1302,7
1303,7
1304,5
1305,13
1306,5
1307,7
1308,11
1309,5
1310,7
1311,4
1312,4
1313,0
1314,13
1315,0
1316,7
1317,4
1318,4
1319,4
1320,7
1321,15
1322,4
1323,11
1324,6
1325,14
1326,6
1327,6
1328,15
1329,1
1330,6
1331,7
1332,6
1333,15
1334,13
1335,4
1336,0
1337,0
1338,1
1339,4
1340,8
1341,7
1342,4
1343,4
1344,7
1345,7
1346,7
1347,7
1348,8
1349,8
1350,7
1351,7
1352,4
1353,7
1354,4
1355,7
1356,13
1357,13
1358,5
1359,5
1360,1
1361,8
1362,4
1363,1
1364,5
1365,5
1366,7
1367,10
1368,7
1369,7
1370,7
1371,14
1372,0
1373,7
1374,13
1375,4
1376,13
1377,14
1378,13
1379,13
1380,6
1381,13
1382,13
1383,4
1384,15
1385,7
1386,13
1387,4
1388,4
1389,15
1390,7
1391,4
1392,15
1393,7
1394,1
1395,4
1396,12
1397,4
1398,1
1399,6
1400,7
1401,15
1402,15
1403,15
1404,15
1405,15
1406,1
1407,6
1408,6
1409,11
1410,14
1411,4
1412,4
1413,13
1414,0
1415,7
1416,6
1417,13
1418,13
1419,4
1420,5
1421,5
1422,15
1423,0
1424,4
1425,14
1426,4
1427,7
1428,1
1429,6
1430,13
1431,13
1432,7
1433,15
1434,7
1435,3
1436,7
1437,1
1438,1
1439,0
1440,7
1441,0
1442,5
1443,6
1444,7
1445,13
1446,4
1447,2
1448,15
1449,15
1450,6
1451,14
1452,4
1453,7
1454,4
1455,13
1456,10
1457,4
1458,6
1459,0
1460,6
1461,14
1462,15
1463,14
1464,0
1465,6
1466,15
1467,7
1468,5
1469,0
1470,11
1471,5
1472,15
1473,7
1474,5
1475,15
1476,0
1477,0
1478,4
1479,5
1480,15
1481,5
1482,12
1483,9
1484,6
1485,0
1486,12
1487,14
1488,3
1489,4
1490,7
1491,4
1492,8
1493,4
1494,6
1495,14
1496,1
1497,7
1498,4
1499,4
1500,8
1501,8
1502,6
1503,8
1504,13
1505,8
1506,0
1507,15
1508,1
1509,0
1510,13
1511,6
1512,7
1513,7
1514,5
1515,7
1516,0
1517,4
1518,14
1519,7
1520,0
1521,4
1522,5
1523,14
1524,7
1525,15
1526,15
1527,8
1528,2
1529,15
1530,4
1531,6
1532,1
1533,1
1534,15
1535,2
1536,5
1537,5
1538,4
1539,0
1540,13
1541,6
1542,1
1543,7
1544,15
1545,8
1546,7
1547,1
1548,13
1549,6
1550,0
1551,0
1552,7
1553,1
1554,4
1555,4
1556,15
1557,0
1558,14
1559,15
1560,8
1561,4
1562,6
1563,12
1564,6
1565,5
1566,1
1567,5
1568,4
1569,0
1570,4
1571,7
1572,5
1573,15
1574,4
1575,4
1576,7
1577,7
1578,8
1579,14
1580,0
1581,2
1582,0
1583,4
1584,12
1585,4
1586,11
1587,4
1588,15
1589,11
1590,4
1591,4
1592,7
1593,15
1594,7
1595,14
1596,7
1597,1
1598,14
1599,4
1600,2
1601,4
1602,5
1603,4
1604,4
1605,7
1606,1
1607,0
1608,14
1609,7
1610,14
1611,8
1612,6
1613,3
1614,6
1615,6
1616,4
1617,10
1618,15
1619,7
1620,5
1621,15
1622,0
1623,0
1624,5
1625,15
1626,13
1627,16
1628,0
1629,4
1630,8
1631,4
1632,4
1633,6
1634,0
1635,1
1636,4
1637,4
1638,7
1639,14
1640,13
1641,7
1642,15
1643,4
1644,1
1645,13
1646,7
1647,6
1648,7
1649,6
1650,6
1651,0
1652,7
1653,0
1654,7
1655,8
1656,7
1657,14
1658,4
1659,7
1660,6
1661,15
1662,0
1663,6
1664,15
1665,13
1666,15
1667,13
1668,12
1669,6
1670,0
1671,8
1672,5
1673,12
1674,4
1675,4
1676,7
1677,4
1678,1
1679,16
1680,7
1681,12
1682,1
1683,4
1684,16
1685,4
1686,6
1687,15
1688,4
1689,3
1690,0
1691,7
1692,6
1693,6
1694,15
1695,7
1696,1
1697,0
1698,14
1699,6
1700,7
1701,15
1702,7
1703,0
1704,0
1705,8
1706,12
1707,7
1708,15
1709,14
1710,7
1711,0
1712,0
1713,7
1714,7
1715,15
1716,6
1717,15
1718,12
1719,4
1720,4
1721,6
1722,4
1723,10
1724,8
1725,15
1726,10
1727,4
1728,0
1729,1
1730,3
1731,0
1732,7
1733,4
1734,0
1735,4
1736,2
1737,7
1738,1
1739,8
1740,0
1741,6
1742,6
1743,14
1744,6
1745,0
1746,15
1747,6
1748,6
1749,4
1750,7
1751,6
1752,7
1753,1
1754,15
1755,10
1756,0
1757,17
1758,13
1759,6
1760,6
1761,6
1762,4
1763,6
1764,12
1765,6
1766,6
1767,6
1768,7
1769,6
1770,1
1771,1
1772,0
1773,1
1774,7
1775,4
1776,14
1777,1
1778,7
1779,14
1780,15
1781,14
1782,14
1783,7
1784,7
1785,0
1786,4
1787,5
1788,5
1789,6
1790,6
1791,7
1792,7
1793,0
1794,4
1795,6
1796,8
1797,4
1798,7
1799,13
1800,4
1801,7
1802,6
1803,0
1804,1
1805,0
1806,12
1807,8
1808,14
1809,14
1810,7
1811,14
1812,7
1813,6
1814,15
1815,0
1816,7
1817,14
1818,14
1819,4
1820,6
1821,0
1822,1
1823,14
1824,4
1825,13
1826,0
1827,15
1828,4
1829,15
1830,7
1831,0
1832,7
1833,7
1834,14
1835,4
1836,1
1837,15
1838,0
1839,0
1840,7
1841,15
1842,12
1843,6
1844,15
1845,4
1846,7
1847,4
1848,7
1849,7
1850,16
1851,5
1852,15
1853,15
1854,13
1855,14
1856,6
1857,1
1858,4
1859,1
1860,0
1861,0
1862,6
1863,10
1864,14
1865,14
1866,1
1867,0
1868,14
1869,8
1870,14
1871,14
1872,1
1873,7
1874,17
1875,7
1876,7
1877,14
1878,7
1879,0
1880,4
1881,3
1882,7
1883,15
1884,7
1885,7
1886,0
1887,13
1888,7
1889,1
1890,2
1891,14
1892,0
1893,0
1894,7
1895,1
1896,6
1897,8
1898,4
1899,1
1900,7
1901,6
1902,2
1903,4
1904,7
1905,10
1906,4
1907,4
1908,15
1909,7
1910,15
1911,7
1912,2
1913,7
1914,7
1915,4
1916,4
1917,1
1918,7
1919,15
1920,15
1921,1
1922,4
1923,7
1924,4
1925,7
1926,2
1927,4
1928,12
1929,15
1930,4
1931,0
1932,4
1933,10
1934,7
1935,14
1936,0
1937,1
1938,14
1939,4
1940,14
1941,7
1942,4
1943,7
1944,12
1945,4
1946,4
1947,5
1948,12
1949,17
1950,15
1951,13
1952,12
1953,12
1954,7
1955,4
1956,7
1957,7
1958,4
1959,9
1960,14
1961,10
1962,10
1963,7
1964,7
1965,9
1966,7
1967,7
1968,15
1969,5
1970,15
1971,4
1972,14
1973,11
1974,7
1975,4
1976,14
1977,10
1978,7
1979,10
1980,10
1981,15
1982,15
1983,9
1984,14
1985,15
1986,2
1987,15
1988,6
1989,15
1990,0
1991,7
1992,16
1993,15
1994,15
1995,5
1996,7
1997,15
1998,10
1999,7
2000,12
2001,10
2002,0
2003,5
2004,12
2005,5
2006,10
2007,7
2008,5
2009,7
2010,8
2011,15
2012,15
2013,7
2014,14
2015,7
2016,15
2017,5
2018,4
2019,9
2020,7
2021,13
2022,7
2023,7
2024,4
2025,15
2026,15
2027,5
2028,14
2029,7
2030,5
2031,7
2032,9
2033,1
2034,15
2035,7
2036,15
2037,14
2038,13
2039,12
2040,7
2041,13
2042,5
2043,4
2044,16
2045,7
2046,10
2047,15
2048,0
2049,13
2050,15
2051,10
2052,16
2053,12
2054,7
2055,7
2056,4
2057,5
2058,3
2059,10
2060,4
2061,13
2062,0
2063,4
2064,7
2065,15
2066,15
2067,5
2068,13
2069,1
2070,15
2071,7
2072,7
2073,15
2074,15
2075,1
2076,7
2077,4
2078,4
2079,7
2080,4
2081,15
2082,13
2083,15
2084,4
2085,5
2086,13
2087,5
2088,2
2089,7
2090,13
2091,5
2092,13
2093,15
2094,5
2095,13
2096,4
2097,7
2098,5
2099,4
2100,10
2101,7
2102,13
2103,6
2104,7
2105,15
2106,7
2107,7
2108,7
2109,4
2110,4
2111,5
2112,7
2113,10
2114,14
2115,7
2116,7
2117,7
2118,7
2119,4
2120,7
2121,10
2122,7
2123,0
2124,17
2125,10
2126,7
2127,0
2128,7
2129,4
2130,7
2131,7
2132,7
2133,7
2134,16
2135,7
2136,15
2137,7
2138,7
2139,7
2140,0
2141,15
2142,12
2143,7
2144,14
2145,7
2146,1
2147,7
2148,1
2149,4
2150,15
2151,7
2152,15
2153,13
2154,7
2155,13
2156,7
2157,9
2158,5
2159,1
2160,4
2161,4
2162,7
2163,4
2164,16
2165,10
2166,1
2167,7
2168,3
2169,7
2170,2
2171,7
2172,7
2173,12
2174,7
2175,4
2176,7
2177,7
2178,8
2179,10
2180,10
2181,7
2182,7
2183,1
2184,5
2185,4
2186,15
2187,8
2188,7
2189,15
2190,0
2191,7
2192,7
2193,7
2194,1
2195,4
2196,15
2197,15
2198,7
2199,10
2200,12
2201,7
2202,13
2203,7
2204,0
2205,13
2206,7
2207,4
2208,7
2209,7
2210,0
2211,13
2212,16
2213,0
2214,4
2215,7
2216,13
2217,7
2218,3
2219,4
2220,14
2221,7
2222,7
2223,4
2224,7
2225,16
2226,7
2227,3
2228,3
2229,13
2230,13
2231,13
2232,1
2233,4
2234,3
2235,1
2236,7
2237,11
2238,4
2239,13
2240,17
2241,1
2242,3
2243,4
2244,0
2245,4
2246,13
2247,14
2248,8
2249,4
2250,0
2251,0
2252,7
2253,7
2254,15
2255,15
2256,11
2257,1
2258,7
2259,10
2260,4
2261,3
2262,10
2263,14
2264,0
2265,15
2266,7
2267,14
2268,4
2269,7
2270,8
2271,5
2272,12
2273,0
2274,4
2275,14
2276,7
2277,4
2278,13
2279,5
2280,13
2281,7
2282,7
2283,10
2284,13
2285,7
2286,7
2287,16
2288,7
2289,4
2290,4
2291,13
2292,7
2293,15
2294,7
2295,6
2296,7
2297,7
2298,7
2299,16
2300,1
2301,7
2302,11
2303,7
2304,7
2305,7
2306,11
2307,7
2308,11
2309,7
2310,4
2311,13
2312,7
2313,4
2314,7
2315,7
2316,7
2317,15
2318,13
2319,12
2320,5
2321,13
2322,4
2323,7
2324,10
2325,4
2326,16
2327,13
2328,7
2329,7
2330,10
2331,4
2332,7
2333,1
2334,16
2335,4
2336,8
2337,7
2338,7
2339,13
2340,2
2341,7
2342,7
2343,4
2344,7
2345,4
2346,7
2347,7
2348,7
2349,7
2350,7
2351,13
2352,7
2353,15
2354,13
2355,1
2356,7
2357,0
2358,7
2359,5
2360,13
2361,16
2362,7
2363,4
2364,6
2365,7
2366,7
2367,7
2368,4
2369,9
2370,6
2371,13
2372,11
2373,15
2374,16
2375,7
2376,15
2377,7
2378,7
2379,4
2380,7
2381,7
2382,7
2383,7
2384,7
2385,7
2386,13
2387,6
2388,7
2389,13
2390,10
2391,7
2392,7
2393,7
2394,7
2395,14
2396,4
2397,2
2398,13
2399,7
2400,7
2401,7
2402,7
2403,13
2404,4
2405,7
2406,7
2407,7
2408,7
2409,15
2410,7
2411,4
2412,4
2413,7
2414,7
2415,5
2416,7
2417,7
2418,7
2419,7
2420,13
2421,7
2422,0
2423,7
2424,13
2425,4
2426,7
2427,13
2428,7
2429,3
2430,7
2431,15
2432,4
2433,13
2434,7
2435,7
2436,0
2437,13
2438,12
2439,5
2440,13
2441,7
2442,7
2443,7
2444,5
2445,5
2446,5
2447,7
2448,7
2449,4
2450,7
2451,5
2452,0
2453,7
2454,7
2455,7
2456,13
2457,7
2458,0
2459,4
2460,15
2461,7
2462,4
2463,7
2464,7
2465,7
2466,7
2467,7
2468,7
2469,13
2470,13
2471,7
2472,7
2473,1
2474,1
2475,3
2476,5
2477,15
2478,7
2479,10
2480,7
2481,4
2482,5
2483,15
2484,5
2485,5
2486,0
2487,7
2488,15
2489,5
2490,0
2491,4
2492,1
2493,5
2494,7
2495,0
2496,4
2497,17
2498,7
2499,7
2500,15
2501,4
2502,7
2503,7
2504,7
2505,4
2506,4
2507,4
2508,0
2509,0
2510,8
2511,8
2512,7
2513,7
2514,7
2515,7
2516,15
2517,7
2518,3
2519,13
2520,4
2521,0
2522,4
2523,7
2524,4
2525,4
2526,4
2527,7
2528,10
2529,17
2530,1
2531,5
2532,4
2533,11
2534,4
2535,7
2536,6
2537,4
2538,7
2539,7
2540,11
2541,4
2542,7
2543,7
2544,3
2545,3
2546,3
2547,3
2548,4
2549,5
2550,17
2551,7
2552,5
2553,4
2554,7
2555,5
2556,4
2557,4
2558,15
2559,7
2560,0
2561,3
2562,3
2563,7
2564,4
2565,15
2566,7
2567,7
2568,5
2569,7
2570,5
2571,14
2572,5
2573,5
2574,15
2575,15
2576,4
2577,7
2578,4
2579,10
2580,14
2581,3
2582,7
2583,17
2584,4
2585,3
2586,4
2587,5
2588,3
2589,7
2590,15
2591,10
2592,14
2593,7
2594,10
2595,15
2596,12
2597,7
2598,7
2599,7
2600,7
2601,4
2602,4
2603,8
2604,4
2605,4
2606,15
2607,4
2608,4
2609,0
2610,15
2611,14
2612,7
2613,4
2614,4
2615,0
2616,10
2617,7
2618,0
2619,7
2620,7
2621,4
2622,7
2623,7
2624,7
2625,7
2626,4
2627,4
2628,4
2629,10
2630,4
2631,7
2632,15
2633,7
2634,7
2635,14
2636,0
2637,0
2638,14
2639,7
2640,15
2641,4
2642,7
2643,7
2644,14
2645,1
2646,14
2647,1
2648,12
2649,7
2650,15
2651,7
2652,7
2653,7
2654,10
2655,10
2656,15
2657,13
2658,1
2659,0
2660,4
2661,1
2662,7
2663,15
2664,7
2665,4
2666,15
2667,13
2668,7
2669,7
2670,15
2671,1
2672,15
2673,11
2674,4
2675,0
2676,15
2677,14
2678,4
2679,7
2680,7
2681,12
2682,4
2683,17
2684,13
2685,7
2686,15
2687,12
2688,7
2689,4
2690,5
2691,7
2692,7
2693,13
2694,13
2695,7
2696,0
2697,7
2698,15
2699,13
2700,7
2701,13
2702,4
2703,15
2704,15
2705,8
2706,7
2707,15
2708,7
2709,4
2710,15
2711,4
2712,13
2713,7
2714,7
2715,4
2716,4
2717,4
2718,4
2719,15
2720,13
2721,7
2722,0
2723,15
2724,7
2725,7
2726,3
2727,17
2728,7
2729,7
2730,4
2731,7
2732,4
2733,4
2734,13
2735,15
2736,7
2737,7
2738,4
2739,11
2740,7
2741,12
2742,1
2743,4
2744,13
2745,7
2746,13
2747,7
2748,14
2749,4
2750,7
2751,1
2752,1
2753,4
2754,7
2755,16
2756,7
2757,4
2758,4
2759,13
2760,6
2761,1
2762,0
2763,4
2764,7
2765,4
2766,11
2767,7
2768,7
2769,7
2770,13
2771,0
2772,15
2773,3
2774,6
2775,16
2776,7
2777,7
2778,15
2779,4
2780,12
2781,7
2782,7
2783,4
2784,5
2785,7
2786,4
2787,4
2788,4
2789,7
2790,7
2791,4
2792,7
2793,5
2794,7
2795,7
2796,15
2797,4
2798,5
2799,4
2800,13
2801,7
2802,4
2803,7
2804,7
2805,13
2806,0
2807,15
2808,13
2809,9
2810,5
2811,4
2812,13
2813,13
2814,4
2815,4
2816,0
2817,7
2818,4
2819,7
2820,7
2821,7
2822,4
2823,4
2824,7
2825,15
2826,7
2827,7
2828,11
2829,7
2830,4
2831,4
2832,15
2833,7
2834,15
2835,7
2836,5
2837,7
2838,7
2839,5
2840,12
2841,4
2842,12
2843,14
2844,1
2845,5
2846,4
2847,4
2848,4
2849,15
2850,0
2851,13
2852,7
2853,7
2854,4
2855,13
2856,7
2857,13
2858,4
2859,4
2860,11
2861,7
2862,16
2863,4
2864,7
2865,4
2866,4
2867,15
2868,15
2869,7
2870,4
2871,4
2872,4
2873,5
2874,13
2875,15
2876,7
2877,7
2878,4
2879,13
2880,13
2881,12
2882,7
2883,14
2884,4
2885,7
2886,15
2887,4
2888,15
2889,6
2890,5
2891,5
2892,7
2893,7
2894,17
2895,4
2896,11
2897,13
2898,12
2899,4
2900,13
2901,15
2902,4
2903,4
2904,4
2905,7
2906,7
2907,7
2908,7
2909,5
2910,4
2911,15
2912,7
2913,4
2914,4
2915,4
2916,13
2917,7
2918,5
2919,15
2920,15
2921,7
2922,7
2923,7
2924,7
2925,7
2926,16
2927,7
2928,7
2929,7
2930,4
2931,4
2932,12
2933,7
2934,13
2935,5
2936,16
2937,4
2938,4
2939,11
2940,4
2941,7
2942,7
2943,7
2944,7
2945,7
2946,7
2947,7
2948,0
2949,8
2950,0
2951,5
2952,4
2953,4
2954,4
2955,10
2956,10
2957,10
2958,10
2959,4
2960,14
2961,6
2962,4
2963,4
2964,4
2965,4
2966,2
2967,4
2968,7
2969,4
2970,4
2971,4
2972,4
2973,4
2974,4
2975,4
2976,4
2977,10
2978,4
2979,7
2980,15
2981,1
2982,11
2983,15
2984,6
2985,7
2986,10
2987,10
2988,17
2989,15
2990,1
2991,14
2992,17
2993,17
2994,0
2995,16
2996,7
2997,1
2998,0
2999,15
3000,10
3001,16
3002,10
3003,13
3004,16
3005,7
3006,13
3007,7
3008,7
3009,4
3010,4
3011,7
3012,13
3013,13
3014,5
3015,7
3016,1
3017,7
3018,4
3019,7
3020,4
3021,7
3022,11
3023,7
3024,6
3025,7
3026,7
3027,7
3028,7
3029,16
3030,4
3031,7
3032,7
3033,13
3034,16
3035,7
3036,7
3037,7
3038,7
3039,12
3040,7
3041,7
3042,7
3043,7
3044,7
3045,7
3046,12
3047,7
3048,7
3049,7
3050,2
3051,7
3052,7
3053,10
3054,10
3055,10
3056,5
3057,14
3058,10
3059,0
3060,7
3061,7
3062,0
3063,3
3064,15
3065,7
3066,7
3067,0
3068,4
3069,7
3070,0
3071,7
3072,7
3073,14
3074,13
3075,14
3076,1
3077,14
3078,14
3079,14
3080,0
3081,14
3082,0
3083,15
3084,11
3085,12
3086,4
3087,7
3088,14
3089,10
3090,4
3091,15
3092,4
3093,7
3094,14
3095,11
3096,4
3097,14
3098,7
3099,8
3100,8
3101,15
3102,7
3103,14
3104,14
3105,1
3106,3
3107,4
3108,4
3109,1
3110,13
3111,10
3112,4
3113,4
3114,4
3115,4
3116,1
3117,13
3118,7
3119,4
3120,4
3121,4
3122,4
3123,4
3124,4
3125,7
3126,5
3127,3
3128,1
3129,5
3130,5
3131,4
3132,5
3133,7
3134,0
3135,14
3136,2
3137,10
3138,16
3139,7
3140,7
3141,2
3142,0
3143,2
3144,5
3145,1
3146,12
3147,7
3148,8
3149,10
3150,4
3151,8
3152,1
3153,1
3154,7
3155,4
3156,6
3157,7
3158,2
3159,8
3160,15
3161,15
3162,6
3163,6
3164,4
3165,7
3166,14
3167,14
3168,7
3169,10
3170,15
3171,8
3172,7
3173,10
3174,3
3175,10
3176,6
3177,14
3178,7
3179,1
3180,8
3181,7
3182,3
3183,1
3184,1
3185,4
3186,7
3187,7
3188,1
3189,14
3190,0
3191,7
3192,7
3193,2
3194,10
3195,4
3196,10
3197,6
3198,0
3199,7
3200,2
3201,7
3202,7
3203,2
3204,7
3205,7
3206,14
3207,10
3208,7
3209,11
3210,7
3211,10
3212,13
3213,7
3214,4
3215,4
3216,7
3217,4
3218,7
3219,6
3220,2
3221,6
3222,6
3223,7
3224,10
3225,5
3226,1
3227,2
3228,7
3229,12
3230,7
3231,4
3232,15
3233,2
3234,7
3235,8
3236,7
3237,14
3238,12
3239,2
3240,14
3241,2
3242,7
3243,15
3244,13
3245,5
3246,14
3247,15
3248,14
3249,4
3250,7
3251,7
3252,12
3253,0
3254,14
3255,8
3256,7
3257,7
3258,6
3259,2
3260,4
3261,12
3262,6
3263,5
3264,7
3265,10
3266,7
3267,11
3268,2
3269,8
3270,8
3271,13
3272,12
3273,2
3274,4
3275,5
3276,2
3277,4
3278,3
3279,14
3280,1
3281,2
3282,7
3283,10
3284,0
3285,2
3286,8
3287,1
3288,3
3289,4
3290,2
3291,12
3292,10
3293,7
3294,10
3295,11
3296,0
3297,2
3298,4
3299,4
3300,1
3301,6
3302,7
3303,15
3304,4
3305,14
3306,4
3307,7
3308,7
3309,3
3310,15
3311,4
3312,10
3313,2
3314,10
3315,1
3316,7
3317,1
3318,10
3319,0
3320,0
3321,4
3322,7
3323,15
3324,10
3325,1
3326,3
3327,2
3328,15
3329,12
3330,10
3331,10
3332,13
3333,17
3334,1
3335,4
3336,13
3337,13
3338,7
3339,14
3340,15
3341,3
3342,4
3343,1
3344,16
3345,0
3346,0
3347,0
3348,0
3349,11
3350,3
3351,1
3352,7
3353,13
3354,0
3355,0
3356,0
3357,0
3358,16
3359,15
3360,7
3361,1
3362,16
3363,13
3364,10
3365,14
3366,4
3367,4
3368,15
3369,7
3370,4
3371,7
3372,4
3373,7
3374,0
3375,7
3376,13
3377,13
3378,7
3379,7
3380,3
3381,1
3382,1
3383,4
3384,10
3385,3
3386,1
3387,7
3388,0
3389,15
3390,4
3391,2
3392,4
3393,4
3394,7
3395,13
3396,5
3397,15
3398,7
3399,2
3400,7
3401,4
3402,1
3403,0
3404,3
3405,10
3406,4
3407,11
3408,0
3409,13
3410,4
3411,6
3412,4
3413,4
3414,7
3415,7
3416,4
3417,6
3418,13
3419,4
3420,11
3421,7
3422,8
3423,7
3424,4
3425,4
3426,4
3427,13
3428,4
3429,13
3430,4
3431,4
3432,4
3433,6
3434,7
3435,2
3436,7
3437,4
3438,4
3439,13
3440,7
3441,7
3442,4
3443,4
3444,6
3445,15
3446,4
3447,4
3448,7
3449,7
3450,4
3451,7
3452,4
3453,4
3454,4
3455,5
3456,4
3457,4
3458,11
3459,4
3460,7
3461,13
3462,4
3463,7
3464,7
3465,7
3466,0
3467,7
3468,15
3469,7
3470,7
3471,4
3472,4
3473,7
3474,7
3475,7
3476,7
3477,8
3478,4
3479,4
3480,7
3481,13
3482,4
3483,4
3484,7
3485,8
3486,13
3487,7
3488,1
3489,7
3490,1
3491,7
3492,7
3493,7
3494,6
3495,4
3496,7
3497,4
3498,7
3499,7
3500,7
3501,4
3502,7
3503,4
3504,7
3505,4
3506,4
3507,4
3508,5
3509,7
3510,7
3511,15
3512,7
3513,7
3514,7
3515,6
3516,7
3517,4
3518,-1
3519,7
3520,13
3521,14
3522,6
3523,7
3524,16
3525,4
3526,2
3527,7
3528,-1
3529,4
3530,4
3531,3
3532,8
3533,10
3534,10
3535,0
3536,10
3537,10
3538,10
3539,10
3540,10
3541,10
3542,10
3543,3
3544,4
3545,3
3546,4
3547,7
3548,10
3549,4
3550,9
3551,4
3552,3
3553,15
3554,12
3555,4
3556,3
3557,14
3558,1
3559,3
3560,5
3561,5
3562,7
3563,6
3564,0
3565,10
3566,13
3567,4
3568,2
3569,7
3570,8
3571,4
3572,1
3573,4
3574,6
3575,1
3576,6
3577,8
3578,7
3579,0
3580,5
3581,0
3582,1
3583,10
3584,3
3585,13
3586,4
3587,7
3588,10
3589,4
3590,13
3591,7
3592,7
3593,15
3594,13
3595,7
3596,13
3597,3
3598,7
3599,4
3600,0
3601,4
3602,3
3603,4
3604,4
3605,4
3606,7
3607,3
3608,7
3609,7
3610,7
3611,7
3612,4
3613,13
3614,4
3615,7
3616,12
3617,15
3618,0
3619,0
3620,4
3621,0
3622,7
3623,13
3624,7
3625,4
3626,10
3627,14
3628,11
3629,9
3630,5
3631,14
3632,0
3633,13
3634,0
3635,4
3636,4
3637,5
3638,0
3639,7
3640,4
3641,4
3642,15
3643,0
3644,4
3645,10
3646,3
3647,0
3648,15
3649,0
3650,3
3651,7
3652,13
3653,3
3654,15
3655,2
3656,1
3657,2
3658,3
3659,7
3660,4
3661,7
3662,15
3663,8
3664,4
3665,1
3666,7
3667,1
3668,1
3669,10
3670,2
3671,4
3672,0
3673,4
3674,4
3675,7
3676,14
3677,0
3678,1
3679,10
3680,4
3681,1
3682,8
3683,1
3684,7
3685,10
3686,10
3687,4
3688,1
3689,15
3690,1
3691,0
3692,10
3693,7
3694,4
3695,10
3696,4
3697,10
3698,10
3699,4
3700,1
3701,4
3702,15
3703,0
3704,5
3705,7
3706,8
3707,10
3708,7
3709,0
3710,10
3711,4
3712,2
3713,10
3714,13
3715,13
3716,0
3717,1
3718,1
3719,14
3720,1
3721,4
3722,4
3723,8
3724,0
3725,14
3726,4
3727,13
3728,2
3729,10
3730,4
3731,10
3732,1
3733,15
3734,5
3735,0
3736,4
3737,4
3738,0
3739,4
3740,0
3741,10
3742,10
3743,6
3744,6
3745,10
3746,4
3747,13
3748,7
3749,1
3750,0
3751,4
3752,4
3753,10
3754,5
3755,3
3756,0
3757,0
3758,0
3759,15
3760,10
3761,0
3762,14
3763,0
3764,10
3765,10
3766,14
3767,4
3768,15
3769,7
3770,4
3771,14
3772,10
3773,5
3774,15
3775,8
3776,4
3777,10
3778,7
3779,7
3780,4
3781,7
3782,5
3783,10
3784,1
3785,13
3786,3
3787,0
3788,14
3789,0
3790,10
3791,14
3792,1
3793,7
3794,14
3795,10
3796,13
3797,15
3798,4
3799,4
3800,8
3801,1
3802,16
3803,10
3804,2
3805,10
3806,4
3807,0
3808,8
3809,3
3810,12
3811,5
3812,5
3813,10
3814,8
3815,10
3816,15
3817,0
3818,1
3819,7
3820,5
3821,0
3822,5
3823,4
3824,7
3825,7
3826,7
3827,10
3828,10
3829,10
3830,4
3831,8
3832,7
3833,1
3834,3
3835,12
3836,1
3837,0
3838,1
3839,15
3840,7
3841,15
3842,4
3843,5
3844,2
3845,17
3846,15
3847,0
3848,15
3849,5
3850,4
3851,10
3852,13
3853,5
3854,15
3855,0
3856,10
3857,15
3858,7
3859,4
3860,7
3861,7
3862,4
3863,4
3864,0
3865,0
3866,4
3867,0
3868,15
3869,15
3870,15
3871,13
3872,13
3873,10
3874,4
3875,1
3876,1
3877,0
3878,2
3879,8
3880,4
3881,5
3882,4
3883,4
3884,0
3885,7
3886,15
3887,12
3888,4
3889,15
3890,16
3891,13
3892,4
3893,4
3894,5
3895,7
3896,12
3897,7
3898,15
3899,13
3900,12
3901,10
3902,15
3903,14
3904,2
3905,4
3906,10
3907,7
3908,4
3909,13
3910,15
3911,4
3912,7
3913,0
3914,10
3915,4
3916,4
3917,5
3918,7
3919,4
3920,12
3921,7
3922,14
3923,4
3924,0
3925,0
3926,11
3927,1
3928,1
3929,10
3930,7
3931,7
3932,7
3933,14
3934,8
3935,4
3936,11
3937,14
3938,10
3939,10
3940,4
3941,2
3942,0
3943,4
3944,5
3945,4
3946,4
3947,7
3948,10
3949,1
3950,11
3951,2
3952,1
3953,0
3954,8
3955,14
3956,10
3957,4
3958,4
3959,5
3960,3
3961,2
3962,7
3963,7
3964,10
3965,7
3966,15
3967,7
3968,4
3969,4
3970,7
3971,7
3972,13
3973,10
3974,12
3975,8
3976,8
3977,15
3978,0
3979,0
3980,5
3981,0
3982,14
3983,1
3984,7
3985,10
3986,14
3987,0
3988,5
3989,10
3990,7
3991,7
3992,7
3993,4
3994,0
3995,4
3996,13
3997,7
3998,15
3999,7
4000,15
4001,5
4002,7
4003,4
4004,4
4005,0
4006,0
4007,15
4008,5
4009,7
4010,4
4011,2
4012,1
4013,2
4014,1
4015,0
4016,0
4017,2
4018,1
4019,2
4020,0
4021,1
4022,0
4023,5
4024,4
4025,7
4026,5
4027,14
4028,0
4029,7
4030,4
4031,7
4032,5
4033,7
4034,0
4035,7
4036,5
4037,4
4038,17
4039,14
4040,7
4041,7
4042,4
4043,0
4044,4
4045,16
4046,3
4047,0
4048,4
4049,7
4050,0
4051,4
4052,4
4053,7
4054,7
4055,13
4056,0
4057,4
4058,5
4059,5
4060,4
4061,4
4062,7
4063,4
4064,2
4065,15
4066,4
4067,5
4068,3
4069,7
4070,10
4071,1
4072,1
4073,10
4074,-1
4075,4
4076,10
4077,15
4078,10
4079,7
4080,7
4081,7
4082,14
4083,5
4084,15
4085,4
4086,7
4087,1
4088,4
4089,0
4090,4
4091,4
4092,4
4093,14
4094,8
4095,14
4096,5
4097,4
4098,14
4099,14
4100,8
4101,1
4102,14
4103,7
4104,3
4105,8
4106,5
4107,4
4108,7
4109,8
4110,7
4111,4
4112,0
4113,8
4114,10
4115,10
4116,3
4117,6
4118,6
4119,7
4120,15
4121,6
4122,6
4123,6
4124,7
4125,6
4126,13
4127,7
4128,6
4129,8
4130,8
4131,7
4132,4
4133,4
4134,13
4135,7
4136,15
4137,7
4138,7
4139,7
4140,7
4141,7
4142,7
4143,4
4144,7
4145,7
4146,7
4147,7
4148,14
4149,7
4150,6
4151,15
4152,7
4153,7
4154,4
4155,10
4156,7
4157,6
4158,7
4159,7
4160,6
4161,7
4162,15
4163,7
4164,7
4165,1
4166,16
4167,7
4168,4
4169,7
4170,7
4171,7
4172,7
4173,7
4174,4
4175,7
4176,7
4177,7
4178,7
4179,7
4180,7
4181,14
4182,7
4183,6
4184,7
4185,12
4186,7
4187,7
4188,5
4189,12
4190,7
4191,7
4192,5
4193,7
4194,7
4195,13
4196,7
4197,4
4198,16
4199,17
4200,7
4201,1
4202,4
4203,7
4204,4
4205,4
4206,4
4207,4
4208,15
4209,4
4210,14
4211,0
4212,7
4213,7
4214,6
4215,7
4216,7
4217,7
4218,4
4219,7
4220,7
4221,7
4222,13
4223,7
4224,7
4225,7
4226,4
4227,7
4228,7
4229,12
4230,13
4231,13
4232,4
4233,4
4234,4
4235,6
4236,7
4237,3
4238,4
4239,7
4240,7
4241,13
4242,7
4243,13
4244,4
4245,4
4246,7
4247,12
4248,7
4249,7
4250,15
4251,5
4252,13
4253,4
4254,5
4255,5
4256,4
4257,15
4258,4
4259,4
4260,5
4261,5
4262,4
4263,4
4264,12
4265,0
4266,4
4267,14
4268,4
4269,14
4270,4
4271,4
4272,4
4273,4
4274,3
4275,5
4276,4
4277,13
4278,16
4279,7
4280,7
4281,5
4282,7
4283,4
4284,0
4285,15
4286,10
4287,10
4288,10
4289,15
4290,10
4291,10
4292,10
4293,10
4294,10
4295,10
4296,7
4297,15
4298,10
4299,4
4300,15
4301,13
4302,7
4303,4
4304,10
4305,10
4306,13
4307,10
4308,10
4309,7
4310,10
4311,14
4312,4
4313,15
4314,14
4315,4
4316,10
4317,5
4318,10
4319,8
4320,10
4321,4
4322,10
4323,7
4324,7
4325,10
4326,10
4327,10
4328,10
4329,4
4330,4
4331,4
4332,4
4333,14
4334,4
4335,0
4336,15
4337,0
4338,0
4339,4
4340,4
4341,4
4342,10
4343,15
4344,12
4345,13
4346,4
4347,7
4348,7
4349,7
4350,17
4351,7
4352,8
4353,9
4354,13
4355,13
4356,4
4357,7
4358,13
4359,13
4360,4
4361,7
4362,17
4363,13
4364,13
4365,13
4366,7
4367,4
4368,15
4369,3
4370,3
4371,11
4372,7
4373,16
4374,4
4375,3
4376,3
4377,7
4378,7
4379,13
4380,13
4381,7
4382,15
4383,7
4384,6
4385,7
4386,13
4387,8
4388,4
4389,7
4390,4
4391,6
4392,4
4393,7
4394,10
4395,7
4396,6
4397,4
4398,13
4399,4
4400,7
4401,4
4402,7
4403,7
4404,6
4405,14
4406,13
4407,7
4408,4
4409,10
4410,8
4411,2
4412,15
4413,7
4414,7
4415,7
4416,7
4417,7
4418,7
4419,8
4420,10
4421,7
4422,4
4423,5
4424,10
4425,7
4426,12
4427,11
4428,7
4429,13
4430,7
4431,7
4432,7
4433,4
4434,7
4435,7
4436,4
4437,7
4438,7
4439,6
4440,13
4441,16
4442,7
4443,7
4444,4
4445,4
4446,4
4447,4
4448,10
4449,7
4450,5
4451,7
4452,7
4453,6
4454,7
4455,13
4456,7
4457,6
4458,6
4459,14
4460,10
4461,0
4462,7
4463,0
4464,7
4465,8
4466,14
4467,13
4468,5
4469,10
4470,5
4471,5
4472,17
4473,7
4474,7
4475,7
4476,7
4477,1
4478,7
4479,7
4480,7
4481,13
4482,15
4483,7
4484,5
4485,7
4486,7
4487,15
4488,7
4489,7
4490,4
4491,7
4492,2
4493,6
4494,1
4495,7
4496,4
4497,4
4498,4
4499,7
4500,7
4501,4
4502,0
4503,7
4504,0
4505,0
4506,6
4507,15
4508,4
4509,7
4510,7
4511,4
4512,14
4513,7
4514,4
4515,15
4516,15
4517,15
4518,4
4519,4
4520,13
4521,7
4522,3
4523,4
4524,15
4525,1
4526,5
4527,4
4528,6
4529,4
4530,7
4531,7
4532,15
4533,8
4534,4
4535,4
4536,6
4537,7
4538,4
4539,7
4540,4
4541,4
4542,4
4543,4
4544,7
4545,4
4546,4
4547,6
4548,4
4549,4
4550,10
4551,4
4552,5
4553,13
4554,13
4555,4
4556,10
4557,7
4558,7
4559,13
4560,7
4561,13
4562,4
4563,14
4564,7
4565,3
4566,11
4567,10
4568,7
4569,4
4570,0
4571,7
4572,17
4573,7
4574,7
4575,1
4576,4
4577,4
4578,7
4579,7
4580,0
4581,4
4582,17
4583,4
4584,0
4585,4
4586,0
4587,7
4588,4
4589,13
4590,4
4591,4
4592,15
4593,7
4594,8
4595,15
4596,4
4597,13
4598,4
4599,14
4600,7
4601,7
4602,7
4603,4
4604,7
4605,0
4606,1
4607,4
4608,5
4609,7
4610,14
4611,5
4612,7
4613,10
4614,3
4615,7
4616,13
4617,13
4618,7
4619,3
4620,13
4621,7
4622,10
4623,0
4624,7
4625,8
4626,5
4627,1
4628,10
4629,4
4630,0
4631,5
4632,7
4633,13
4634,12
4635,4
4636,4
4637,15
4638,10
4639,15
4640,4
4641,4
4642,7
4643,4
4644,7
4645,3
4646,4
4647,0
4648,3
4649,11
4650,7
4651,3
4652,1
4653,7
4654,4
4655,15
4656,7
4657,7
4658,4
4659,8
4660,7
4661,7
4662,4
4663,13
4664,13
4665,13
4666,7
4667,13
4668,7
4669,7
4670,15
4671,1
4672,4
4673,7
4674,7
4675,3
4676,15
4677,7
4678,7
4679,15
4680,7
4681,13
4682,4
4683,4
4684,7
4685,7
4686,7
4687,11
4688,7
4689,4
4690,4
4691,4
4692,5
4693,15
4694,4
4695,7
4696,6
4697,4
4698,7
4699,13
4700,7
4701,7
4702,7
4703,7
4704,4
4705,7
4706,13
4707,7
4708,15
4709,7
4710,4
4711,7
4712,7
4713,7
4714,4
4715,7
4716,2
4717,7
4718,7
4719,7
4720,16
4721,7
4722,7
4723,7
4724,7
4725,1
4726,7
4727,16
4728,2
4729,2
4730,4
4731,4
4732,7
4733,10
4734,15
4735,15
4736,7
4737,7
4738,7
4739,1
4740,7
4741,4
4742,3
4743,8
4744,4
4745,4
4746,4
4747,0
4748,4
4749,6
4750,7
4751,11
4752,11
4753,4
4754,4
4755,7
4756,4
4757,4
4758,7
4759,4
4760,7
4761,4
4762,7
4763,13
4764,1
4765,0
4766,13
4767,4
4768,15
4769,7
4770,6
4771,6
4772,4
4773,4
4774,4
4775,8
4776,1
4777,7
4778,7
4779,4
4780,13
4781,4
4782,6
4783,13
4784,4
4785,8
4786,0
4787,0
4788,11
4789,4
4790,7
4791,4
4792,4
4793,5
4794,4
4795,7
4796,7
4797,13
4798,13
4799,0
4800,7
4801,0
4802,13
4803,15
4804,10
4805,4
4806,4
4807,0
4808,0
4809,15
4810,7
4811,13
4812,5
4813,15
4814,4
4815,0
4816,7
4817,7
4818,13
4819,7
4820,7
4821,7
4822,13
4823,17
4824,7
4825,10
4826,15
4827,5
4828,5
4829,7
4830,2
4831,15
4832,15
4833,0
4834,16
4835,4
4836,1
4837,10
4838,15
4839,12
4840,4
4841,10
4842,0
4843,14
4844,7
4845,4
4846,15
4847,14
4848,17
4849,7
4850,15
4851,4
4852,5
4853,4
4854,7
4855,13
4856,15
4857,7
4858,4
4859,7
4860,4
4861,7
4862,4
4863,4
4864,4
4865,5
4866,4
4867,4
4868,13
4869,12
4870,0
4871,4
4872,3
4873,4
4874,7
4875,7
4876,4
4877,7
4878,7
4879,7
4880,12
4881,6
4882,0
4883,4
4884,3
4885,0
4886,7
4887,13
4888,7
4889,4
4890,5
4891,14
4892,4
4893,1
4894,4
4895,7
4896,5
4897,7
4898,5
4899,4
4900,15
4901,7
4902,7
4903,2
4904,15
4905,15
4906,5
4907,5
4908,10
4909,4
4910,6
4911,5
4912,4
4913,10
4914,15
4915,4
4916,7
4917,6
4918,0
4919,6
4920,10
4921,7
4922,7
4923,4
4924,0
4925,7
4926,13
4927,10
4928,7
4929,4
4930,14
4931,0
4932,13
4933,0
4934,13
4935,16
4936,7
4937,4
4938,4
4939,0
4940,4
4941,8
4942,15
4943,7
4944,0
4945,7
4946,4
4947,4
4948,7
4949,4
4950,4
4951,4
4952,7
4953,3
4954,13
4955,4
4956,7
4957,8
4958,1
4959,7
4960,7
4961,11
4962,1
4963,11
4964,6
4965,3
4966,1
4967,7
4968,13
4969,1
4970,0
4971,15
4972,7
4973,13
4974,15
4975,4
4976,5
4977,2
4978,13
4979,7
4980,0
4981,13
4982,13
4983,0
4984,1
4985,1
4986,1
4987,4
4988,11
4989,4
4990,7
4991,4
4992,4
4993,7
4994,10
4995,6
4996,15
4997,5
4998,14
4999,0
5000,15
5001,15
5002,15
5003,15
5004,15
5005,14
5006,4
5007,4
5008,7
5009,0
5010,7
5011,15
5012,7
5013,8
5014,7
5015,7
5016,4
5017,2
5018,1
5019,13
5020,7
5021,8
5022,7
5023,7
5024,3
5025,13
5026,7
5027,4
5028,7
5029,4
5030,1
5031,7
5032,7
5033,4
5034,7
5035,7
5036,15
5037,7
5038,7
5039,4
5040,6
5041,4
5042,7
5043,6
5044,7
5045,10
5046,2
5047,11
5048,15
5049,4
5050,4
5051,4
5052,7
5053,13
5054,7
5055,7
5056,7
5057,7
5058,13
5059,15
5060,5
5061,13
5062,0
5063,7
5064,4
5065,5
5066,11
5067,10
5068,8
5069,3
5070,7
5071,7
5072,4
5073,7
5074,7
5075,4
5076,15
5077,14
5078,5
5079,0
5080,8
5081,8
5082,7
5083,7
5084,7
5085,13
5086,7
5087,4
5088,16
5089,7
5090,6
5091,7
5092,5
5093,3
5094,7
5095,9
5096,16
5097,4
5098,4
5099,7
5100,4
5101,17
5102,7
5103,4
5104,9
5105,5
5106,0
5107,8
5108,0
5109,3
5110,7
5111,7
5112,7
5113,4
5114,10
5115,7
5116,7
5117,4
5118,4
5119,4
5120,1
5121,15
5122,7
5123,14
5124,14
5125,14
5126,14
5127,7
5128,17
5129,0
5130,4
5131,0
5132,1
5133,10
5134,7
5135,15
5136,7
5137,7
5138,6
5139,14
5140,7
5141,5
5142,15
5143,4
5144,5
5145,4
5146,15
5147,5
5148,4
5149,7
5150,11
5151,7
5152,7
5153,5
5154,15
5155,4
5156,4
5157,7
5158,8
5159,7
5160,0
5161,11
5162,0
5163,4
5164,15
5165,15
5166,15
5167,15
5168,0
5169,7
5170,0
5171,7
5172,7
5173,4
5174,7
5175,4
5176,6
5177,4
5178,15
5179,14
5180,12
5181,4
5182,7
5183,15
5184,4
5185,7
5186,4
5187,7
5188,16
5189,6
5190,4
5191,4
5192,7
5193,15
5194,15
5195,4
5196,3
5197,4
5198,15
5199,4
5200,4
5201,3
5202,0
5203,10
5204,4
5205,13
5206,3
5207,4
5208,13
5209,5
5210,15
5211,4
5212,4
5213,7
5214,5
5215,-1
5216,17
5217,5
5218,4
5219,6
5220,10
5221,14
5222,0
5223,13
5224,5
5225,0
5226,11
5227,4
5228,5
5229,4
5230,7
5231,15
5232,0
5233,9
5234,7
5235,7
5236,7
5237,15
5238,5
5239,4
5240,1
5241,14
5242,13
5243,7
5244,15
5245,8
5246,15
5247,15
5248,2
5249,1
5250,1
5251,8
5252,4
5253,13
5254,11
5255,13
5256,11
5257,1
5258,17
5259,7
5260,15
5261,6
5262,10
5263,15
5264,13
5265,7
5266,7
5267,7
5268,7
5269,5
5270,15
5271,0
5272,5
5273,0
5274,4
5275,1
5276,17
5277,7
5278,0
5279,1
5280,13
5281,7
5282,13
5283,7
5284,4
5285,7
5286,7
5287,13
5288,7
5289,7
5290,7
5291,7
5292,7
5293,7
5294,3
5295,4
5296,6
5297,7
5298,13
5299,4
5300,2
5301,4
5302,7
5303,7
5304,7
5305,0
5306,15
5307,7
5308,13
5309,13
5310,15
5311,13
5312,7
5313,7
5314,7
5315,8
5316,13
5317,4
5318,15
5319,7
5320,13
5321,11
5322,13
5323,0
5324,1
5325,7
5326,8
5327,8
5328,1
5329,4
5330,7
5331,8
5332,7
5333,4
5334,7
5335,6
5336,14
5337,0
5338,12
5339,4
5340,10
5341,10
5342,1
5343,2
5344,4
5345,0
5346,0
5347,4
5348,0
5349,0
5350,5
5351,0
5352,8
5353,0
5354,3
5355,5
5356,11
5357,4
5358,0
5359,1
5360,8
5361,13
5362,4
5363,3
5364,12
5365,12
5366,8
5367,8
5368,1
5369,13
5370,7
5371,3
5372,3
5373,3
5374,15
5375,5
5376,13
5377,4
5378,4
5379,15
5380,1
5381,4
5382,0
5383,15
5384,7
5385,1
5386,10
5387,0
5388,4
5389,14
5390,14
5391,12
5392,3
5393,4
5394,8
5395,15
5396,13
5397,4
5398,4
5399,0
5400,7
5401,3
5402,14
5403,15
5404,15
5405,1
5406,14
5407,15
5408,3
5409,13
5410,13
5411,3
5412,13
5413,8
5414,4
5415,8
5416,4
5417,8
5418,4
5419,0
5420,0
5421,7
5422,8
5423,8
5424,13
5425,15
5426,7
5427,14
5428,4
5429,2
5430,4
5431,10
5432,10
5433,1
5434,15
5435,0
5436,0
5437,1
5438,8
5439,0
5440,0
5441,15
5442,15
5443,0
5444,8
5445,15
5446,1
5447,7
5448,0
5449,8
5450,0
5451,7
5452,7
5453,5
5454,7
5455,8
5456,11
5457,4
5458,3
5459,8
5460,6
5461,7
5462,4
5463,0
5464,13
5465,4
5466,4
5467,4
5468,12
5469,7
5470,7
5471,13
5472,7
5473,7
5474,13
5475,4
5476,7
5477,4
5478,7
5479,7
5480,7
5481,7
5482,4
5483,6
5484,5
5485,7
5486,10
5487,0
5488,13
5489,4
5490,4
5491,11
5492,16
5493,7
5494,16
5495,7
5496,7
5497,7
5498,7
5499,13
5500,7
5501,13
5502,4
5503,7
5504,15
5505,7
5506,7
5507,0
5508,7
5509,12
5510,5
5511,12
5512,13
5513,7
5514,13
5515,1
5516,10
5517,5
5518,13
5519,10
5520,13
5521,4
5522,7
5523,4
5524,7
5525,4
5526,13
5527,3
5528,4
5529,7
5530,1
5531,7
5532,13
5533,4
5534,7
5535,1
5536,13
5537,4
5538,0
5539,14
5540,4
5541,4
5542,7
5543,1
5544,1
5545,1
5546,13
5547,1
5548,7
5549,14
5550,4
5551,7
5552,7
5553,16
5554,6
5555,16
5556,7
5557,4
5558,7
5559,4
5560,4
5561,7
5562,17
5563,4
5564,7
5565,7
5566,1
5567,4
5568,7
5569,0
5570,6
5571,4
5572,13
5573,6
5574,7
5575,7
5576,4
5577,7
5578,4
5579,7
5580,13
5581,7
5582,4
5583,5
5584,7
5585,7
5586,7
5587,5
5588,7
5589,7
5590,17
5591,7
5592,11
5593,7
5594,7
5595,1
5596,15
5597,4
5598,17
5599,4
5600,16
5601,13
5602,7
5603,9
5604,7
5605,9
5606,10
5607,7
5608,7
5609,4
5610,4
5611,13
5612,7
5613,13
5614,4
5615,0
5616,4
5617,7
5618,4
5619,4
5620,4
5621,0
5622,13
5623,0
5624,3
5625,4
5626,7
5627,4
5628,4
5629,4
5630,4
5631,4
5632,5
5633,4
5634,4
5635,0
5636,4
5637,0
5638,15
5639,13
5640,17
5641,4
5642,13
5643,7
5644,13
5645,4
5646,7
5647,5
5648,12
5649,7
5650,4
5651,7
5652,13
5653,13
5654,13
5655,7
5656,7
5657,7
5658,13
5659,4
5660,4
5661,10
5662,12
5663,16
5664,7
5665,4
5666,7
5667,4
5668,7
5669,17
5670,13
5671,7
5672,5
5673,7
5674,8
5675,4
5676,8
5677,0
5678,4
5679,4
5680,1
5681,3
5682,4
5683,5
5684,7
5685,0
5686,16
5687,16
5688,16
5689,7
5690,13
5691,16
5692,0
5693,1
5694,16
5695,13
5696,4
5697,0
5698,2
5699,2
5700,7
5701,7
5702,7
5703,13
5704,4
5705,4
5706,3
5707,4
5708,4
5709,13
5710,4
5711,4
5712,13
5713,7
5714,17
5715,7
5716,9
5717,16
5718,8
5719,7
5720,7
5721,2
5722,7
5723,2
5724,2
5725,10
5726,15
5727,10
5728,15
5729,10
5730,10
5731,7
5732,7
5733,10
5734,8
5735,10
5736,10
5737,7
5738,10
5739,4
5740,10
5741,10
5742,4
5743,7
5744,10
5745,10
5746,10
5747,15
5748,15
5749,4
5750,13
5751,7
5752,10
5753,7
5754,10
5755,10
5756,10
5757,10
5758,10
5759,10
5760,7
5761,10
5762,13
5763,7
5764,10
5765,7
5766,7
5767,10
5768,7
5769,7
5770,7
5771,10
5772,10
5773,5
5774,7
5775,7
5776,7
5777,1
5778,16
5779,10
5780,4
5781,6
5782,5
5783,7
5784,10
5785,7
5786,12
5787,8
5788,6
5789,4
5790,12
5791,10
5792,10
5793,7
5794,10
5795,0
5796,10
5797,12
5798,0
5799,7
5800,13
5801,10
5802,5
5803,7
5804,10
5805,10
5806,10
5807,10
5808,15
5809,7
5810,15
5811,5
5812,10
5813,15
5814,15
5815,6
5816,10
5817,7
5818,7
5819,10
5820,7
5821,10
5822,15
5823,15
5824,10
5825,10
5826,7
5827,15
5828,15
5829,10
5830,7
5831,7
5832,3
5833,10
5834,6
5835,4
5836,4
5837,10
5838,6
5839,15
5840,15
5841,7
5842,4
5843,10
5844,0
5845,10
5846,10
5847,10
5848,15
5849,4
5850,10
5851,10
5852,4
5853,7
5854,7
5855,15
5856,10
5857,7
5858,15
5859,10
5860,10
5861,12
5862,15
5863,10
5864,10
5865,10
5866,16
5867,10
5868,12
5869,10
5870,12
5871,15
5872,15
5873,10
5874,10
5875,10
5876,15
5877,10
5878,10
5879,4
5880,10
5881,10
5882,10
5883,1
5884,13
5885,4
5886,4
5887,16
5888,0
5889,16
5890,7
5891,4
5892,6
5893,4
5894,7
5895,7
5896,7
5897,16
5898,7
5899,4
5900,7
5901,13
5902,8
5903,13
5904,4
5905,4
5906,0
5907,7
5908,13
5909,7
5910,14
5911,4
5912,0
5913,2
5914,13
5915,10
5916,4
5917,4
5918,7
5919,1
5920,2
5921,7
5922,4
5923,4
5924,7
5925,13
5926,1
5927,4
5928,7
5929,4
5930,4
5931,10
5932,7
5933,0
5934,1
5935,1
5936,7
5937,13
5938,7
5939,4
5940,8
5941,4
5942,7
5943,4
5944,4
5945,7
5946,4
5947,4
5948,4
5949,4
5950,6
5951,4
5952,7
5953,13
5954,5
5955,8
5956,1
5957,5
5958,2
5959,3
5960,15
5961,4
5962,6
5963,7
5964,7
5965,7
5966,13
5967,7
5968,7
5969,7
5970,4
5971,16
5972,7
5973,11
5974,7
5975,11
5976,7
5977,7
5978,7
5979,7
5980,5
5981,7
5982,7
5983,5
5984,7
5985,4
5986,7
5987,4
5988,4
5989,4
5990,0
5991,4
5992,5
5993,4
5994,10
5995,7
5996,7
5997,3
5998,14
5999,17
6000,1
6001,3
6002,3
6003,4
6004,4
6005,13
6006,17
6007,16
6008,3
6009,3
6010,0
6011,14
6012,0
6013,13
6014,16
6015,4
6016,2
6017,7
6018,7
6019,1
6020,11
6021,3
6022,2
6023,-1
6024,15
6025,4
6026,7
6027,7
6028,1
6029,1
6030,5
6031,5
6032,7
6033,11
6034,4
6035,13
6036,12
6037,4
6038,2
6039,4
6040,13
6041,4
6042,7
6043,2
6044,4
6045,3
6046,7
6047,0
6048,3
6049,13
6050,15
6051,4
6052,4
6053,7
6054,4
6055,2
6056,3
6057,7
6058,1
6059,3
6060,4
6061,11
6062,3
6063,8
6064,3
6065,3
6066,3
6067,4
6068,4
6069,4
6070,4
6071,3
6072,13
6073,7
6074,4
6075,1
6076,13
6077,7
6078,4
6079,15
6080,3
6081,11
6082,0
6083,4
6084,7
6085,4
6086,4
6087,4
6088,5
6089,1
6090,13
6091,13
6092,12
6093,7
6094,1
6095,3
6096,4
6097,4
6098,4
6099,4
6100,1
6101,11
6102,4
6103,3
6104,2
6105,3
6106,13
6107,4
6108,4
6109,4
6110,7
6111,4
6112,11
6113,13
6114,11
6115,5
6116,11
6117,11
6118,4
6119,7
6120,4
6121,3
6122,11
6123,7
6124,10
6125,12
6126,0
6127,11
6128,13
6129,13
6130,1
6131,13
6132,4
6133,4
6134,7
6135,13
6136,13
6137,7
6138,4
6139,8
6140,4
6141,13
6142,7
6143,4
6144,13
6145,4
6146,13
6147,4
6148,3
6149,13
6150,11
6151,4
6152,3
6153,10
6154,11
6155,13
6156,11
6157,10
6158,7
6159,4
6160,3
6161,13
6162,4
6163,4
6164,4
6165,4
6166,6
6167,6
6168,13
6169,13
6170,4
6171,11
6172,4
6173,6
6174,7
6175,7
6176,10
6177,15
6178,4
6179,6
6180,7
6181,4
6182,4
6183,4
6184,14
6185,0
6186,4
6187,5
6188,0
6189,4
6190,13
6191,2
6192,10
6193,5
6194,2
6195,0
6196,7
6197,13
6198,6
6199,4
6200,7
6201,7
6202,7
6203,10
6204,7
6205,5
6206,7
6207,7
6208,4
6209,7
6210,7
6211,7
6212,10
6213,7
6214,7
6215,7
6216,10
6217,17
6218,17
6219,7
6220,4
6221,7
6222,13
6223,4
6224,10
6225,4
6226,7
6227,6
6228,10
6229,8
6230,7
6231,6
6232,6
6233,7
6234,7
6235,6
6236,4
6237,11
6238,7
6239,8
6240,4
6241,4
6242,7
6243,7
6244,4
6245,4
6246,7
6247,7
6248,7
6249,4
6250,15
6251,4
6252,13
6253,4
6254,10
6255,10
6256,4
6257,7
6258,7
6259,4
6260,6
6261,16
6262,10
6263,7
6264,10
6265,6
6266,2
6267,0
6268,7
6269,7
6270,10
6271,16
6272,7
6273,7
6274,6
6275,6
6276,7
6277,7
6278,-1
6279,7
6280,7
6281,7
6282,8
6283,8
6284,4
6285,13
6286,7
6287,7
6288,16
6289,7
6290,0
6291,7
6292,15
6293,7
6294,6
6295,5
6296,16
6297,13
6298,4
6299,15
6300,4
6301,7
6302,4
6303,5
6304,4
6305,7
6306,4
6307,7
6308,4
6309,7
6310,13
6311,7
6312,5
6313,8
6314,13
6315,7
6316,4
6317,7
6318,8
6319,4
6320,1
6321,6
6322,1
6323,7
6324,7
6325,7
6326,4
6327,4
6328,7
6329,13
6330,7
6331,15
6332,15
6333,3
6334,4
6335,7
6336,13
6337,7
6338,7
6339,7
6340,4
6341,14
6342,17
6343,11
6344,8
6345,4
6346,7
6347,4
6348,4
6349,1
6350,7
6351,0
6352,7
6353,7
6354,4
6355,13
6356,4
6357,7
6358,7
6359,11
6360,1
6361,3
6362,0
6363,5
6364,4
6365,17
6366,17
6367,4
6368,17
6369,16
6370,4
6371,1
6372,0
6373,7
6374,7
6375,7
6376,17
6377,7
6378,7
6379,16
6380,4
6381,4
6382,7
6383,1
6384,4
6385,7
6386,7
6387,1
6388,13
6389,4
6390,4
6391,7
6392,4
6393,5
6394,7
6395,4
6396,17
6397,4
6398,7
6399,7
6400,11
6401,3
6402,13
6403,4
6404,7
6405,7
6406,4
6407,4
6408,7
6409,5
6410,13
6411,7
6412,1
6413,7
6414,0
6415,0
6416,5
6417,7
6418,7
6419,17
6420,7
6421,4
6422,11
6423,4
6424,0
6425,7
6426,7
6427,3
6428,7
6429,7
6430,3
6431,3
6432,7
6433,17
6434,17
6435,7
6436,4
6437,7
6438,7
6439,15
6440,11
6441,11
6442,4
6443,3
6444,7
6445,7
6446,7
6447,7
6448,1
6449,12
6450,7
6451,3
6452,6
6453,4
6454,6
6455,7
6456,6
6457,4
6458,4
6459,17
6460,7
6461,0
6462,5
6463,13
6464,15
6465,5
6466,0
6467,4
6468,7
6469,4
6470,2
6471,4
6472,0
6473,0
6474,13
6475,4
6476,4
6477,1
6478,6
6479,-1
6480,7
6481,4
6482,13
6483,7
6484,16
6485,7
6486,7
6487,10
6488,7
6489,6
6490,7
6491,4
6492,7
6493,16
6494,7
6495,4
6496,11
6497,10
6498,5
6499,15
6500,7
6501,7
6502,7
6503,13
6504,7
6505,7
6506,7
6507,5
6508,7
6509,5
6510,7
6511,4
6512,15
6513,4
6514,4
6515,15
6516,10
6517,1
6518,15
6519,4
6520,0
6521,7
6522,1
6523,1
6524,4
6525,4
6526,4
6527,14
6528,4
6529,10
6530,0
6531,13
6532,16
6533,0
6534,10
6535,7
6536,7
6537,4
6538,7
6539,6
6540,4
6541,8
6542,4
6543,4
6544,7
6545,2
6546,0
6547,8
6548,10
6549,15
6550,17
6551,16
6552,4
6553,0
6554,3
6555,5
6556,15
6557,7
6558,4
6559,5
6560,10
6561,4
6562,7
6563,5
6564,7
6565,17
6566,4
6567,7
6568,15
6569,5
6570,7
6571,4
6572,3
6573,0
6574,5
6575,15
6576,5
6577,7
6578,10
6579,15
6580,10
6581,16
6582,7
6583,7
6584,4
6585,4
6586,4
6587,4
6588,13
6589,7
6590,4
6591,4
6592,4
6593,3
6594,4
6595,4
6596,4
6597,13
6598,4
6599,4
6600,4
6601,11
6602,4
6603,4
6604,13
6605,6
6606,6
6607,15
6608,4
6609,4
6610,4
6611,7
6612,13
6613,7
6614,3
6615,7
6616,4
6617,7
6618,4
6619,15
6620,7
6621,0
6622,4
6623,4
6624,4
6625,4
6626,4
6627,4
6628,1
6629,10
6630,7
6631,4
6632,10
6633,16
6634,17
6635,1
6636,7
6637,4
6638,7
6639,0
6640,1
6641,7
6642,-1
6643,1
6644,15
6645,11
6646,7
6647,4
6648,13
6649,7
6650,13
6651,4
6652,13
6653,0
6654,3
6655,7
6656,13
6657,4
6658,4
6659,6
6660,13
6661,7
6662,15
6663,13
6664,4
6665,7
6666,4
6667,7
6668,7
6669,4
6670,4
6671,0
6672,4
6673,4
6674,7
6675,1
6676,5
6677,4
6678,6
6679,4
6680,7
6681,6
6682,7
6683,4
6684,4
6685,7
6686,7
6687,4
6688,11
6689,0
6690,13
6691,11
6692,4
6693,7
6694,6
6695,1
6696,4
6697,14
6698,4
6699,14
6700,7
6701,4
6702,4
6703,4
6704,4
6705,4
6706,10
6707,14
6708,7
6709,0
6710,4
6711,17
6712,13
6713,4
6714,13
6715,7
6716,14
6717,10
6718,4
6719,7
6720,7
6721,6
6722,6
6723,7
6724,7
6725,4
6726,7
6727,10
6728,7
6729,4
6730,9
6731,4
6732,16
6733,13
6734,7
6735,7
6736,4
6737,4
6738,14
6739,8
6740,14
6741,4
6742,7
6743,4
6744,6
6745,14
6746,4
6747,7
6748,7
6749,0
6750,14
6751,0
6752,4
6753,4
6754,4
6755,7
6756,4
6757,13
6758,4
6759,13
6760,3
6761,13
6762,13
6763,7
6764,4
6765,7
6766,4
6767,3
6768,7
6769,6
6770,4
6771,13
6772,7
6773,6
6774,6
6775,13
6776,6
6777,13
6778,7
6779,3
6780,7
6781,3
6782,0
6783,0
6784,0
6785,4
6786,16
6787,4
6788,5
6789,0
6790,5
6791,4
6792,7
6793,13
6794,7
6795,7
6796,13
6797,1
6798,10
6799,5
6800,4
6801,12
6802,5
6803,10
6804,0
6805,7
6806,15
6807,4
6808,5
6809,16
6810,10
6811,5
6812,5
6813,7
6814,4
6815,7
6816,7
6817,11
6818,7
6819,15
6820,4
6821,6
6822,4
6823,7
6824,7
6825,4
6826,7
6827,7
6828,17
6829,13
6830,4
6831,7
6832,4
6833,6
6834,4
6835,4
6836,7
6837,7
6838,5
6839,7
6840,6
6841,7
6842,13
6843,6
6844,4
6845,7
6846,13
6847,7
6848,7
6849,6
6850,15
6851,7
6852,8
6853,7
6854,15
6855,7
6856,7
6857,5
6858,13
6859,6
6860,1
6861,7
6862,7
6863,4
6864,7
6865,7
6866,7
6867,4
6868,4
6869,4
6870,4
6871,7
6872,4
6873,13
6874,7
6875,11
6876,11
6877,11
6878,6
6879,7
6880,4
6881,15
6882,7
6883,4
6884,13
6885,4
6886,15
6887,5
6888,5
6889,4
6890,7
6891,7
6892,10
6893,4
6894,4
6895,16
6896,7
6897,7
6898,12
6899,12
6900,6
6901,0
6902,10
6903,11
6904,6
6905,15
6906,4
6907,7
6908,13
6909,13
6910,13
6911,7
6912,15
6913,4
6914,6
6915,7
6916,6
6917,4
6918,10
6919,7
6920,7
6921,2
6922,3
6923,7
6924,4
6925,14
6926,1
6927,4
6928,4
6929,4
6930,13
6931,13
6932,7
6933,2
6934,12
6935,2
6936,3
6937,4
6938,0
6939,7
6940,1
6941,8
6942,13
6943,4
6944,14
6945,4
6946,17
6947,10
6948,15
6949,7
6950,7
6951,7
6952,7
6953,6
6954,1
6955,0
6956,15
6957,4
6958,12
6959,4
6960,7
6961,16
6962,0
6963,13
6964,16
6965,7
6966,13
6967,15
6968,4
6969,7
6970,0
6971,13
6972,3
6973,17
6974,16
6975,17
6976,16
6977,1
6978,12
6979,13
6980,13
6981,11
6982,8
6983,16
6984,12
6985,4
6986,7
6987,7
6988,15
6989,7
6990,6
6991,7
6992,7
6993,7
6994,7
6995,13
6996,7
6997,7
6998,4
6999,7
7000,13
7001,7
7002,7
7003,7
7004,6
7005,4
7006,7
7007,7
7008,3
7009,7
7010,7
7011,7
7012,7
7013,4
7014,4
7015,4
7016,4
7017,13
7018,7
7019,7
7020,4
7021,7
7022,4
7023,7
7024,16
7025,8
7026,4
7027,12
7028,7
7029,15
7030,17
7031,9
7032,5
7033,4
7034,15
7035,7
7036,4
7037,4
7038,4
7039,6
7040,7
7041,10
7042,6
7043,4
7044,6
7045,6
7046,5
7047,7
7048,12
7049,2
7050,10
7051,1
7052,16
7053,7
7054,4
7055,15
7056,15
7057,0
7058,14
7059,7
7060,16
7061,7
7062,4
7063,10
7064,0
7065,7
7066,7
7067,13
7068,10
7069,4
7070,7
7071,7
7072,6
7073,7
7074,6
7075,6
7076,7
7077,4
7078,4
7079,5
7080,13
7081,7
7082,7
7083,7
7084,7
7085,7
7086,6
7087,6
7088,6
7089,6
7090,7
7091,6
7092,13
7093,4
7094,6
7095,7
7096,6
7097,7
7098,6
7099,7
7100,7
7101,6
7102,6
7103,6
7104,5
7105,6
7106,7
7107,7
7108,5
7109,4
7110,7
7111,3
7112,6
7113,7
7114,13
7115,7
7116,11
7117,4
7118,14
7119,7
7120,4
7121,4
7122,15
7123,0
7124,7
7125,7
7126,7
7127,7
7128,7
7129,7
7130,7
7131,3
7132,13
7133,11
7134,6
7135,7
7136,15
7137,4
7138,5
7139,7
7140,7
7141,7
7142,4
7143,7
7144,13
7145,12
7146,7
7147,5
7148,4
7149,7
7150,4
7151,6
7152,6
7153,4
7154,6
7155,6
7156,13
7157,7
7158,10
7159,5
7160,7
7161,4
7162,4
7163,4
7164,4
7165,5
7166,15
7167,4
7168,7
7169,15
7170,4
7171,6
7172,6
7173,7
7174,4
7175,7
7176,4
7177,7
7178,7
7179,7
7180,6
7181,7
7182,13
7183,13
7184,4
7185,4
7186,7
7187,7
7188,7
7189,7
7190,4
7191,0
7192,7
7193,7
7194,4
7195,7
7196,7
7197,7
7198,7
7199,4
7200,7
7201,4
7202,6
7203,4
7204,7
7205,13
7206,5
7207,7
7208,4
7209,11
7210,7
7211,6
7212,7
7213,13
7214,7
7215,13
7216,4
7217,7
7218,4
7219,13
7220,7
7221,13
7222,0
7223,4
7224,7
7225,7
7226,7
7227,1
7228,6
7229,7
7230,8
7231,12
7232,7
7233,7
7234,7
7235,7
7236,15
7237,7
7238,13
7239,7
7240,7
7241,12
7242,6
7243,1
7244,6
7245,15
7246,7
7247,6
7248,9
7249,4
7250,13
7251,7
7252,7
7253,13
7254,7
7255,7
7256,7
7257,6
7258,6
7259,13
7260,13
7261,4
7262,7
7263,3
7264,7
7265,2
7266,2
7267,2
7268,7
7269,0
7270,0
7271,2
7272,8
7273,4
7274,4
7275,15
7276,4
7277,4
7278,7
7279,5
7280,4
7281,12
7282,15
7283,4
7284,7
7285,0
7286,6
7287,4
7288,7
7289,7
7290,4
7291,-1
7292,4
7293,6
7294,13
7295,6
7296,6
7297,7
7298,10
7299,10
7300,15
7301,13
7302,6
7303,8
7304,13
7305,7
7306,0
7307,4
7308,7
7309,4
7310,13
7311,13
7312,7
7313,11
7314,5
7315,7
7316,3
7317,15
7318,15
7319,9
7320,6
7321,6
7322,4
7323,4
7324,4
7325,0
7326,7
7327,7
7328,6
7329,7
7330,7
7331,6
7332,7
7333,6
7334,7
7335,15
7336,4
7337,6
7338,6
7339,15
7340,5
7341,6
7342,6
7343,7
7344,4
7345,13
7346,7
7347,4
7348,9
7349,7
7350,7
7351,0
7352,1
7353,4
7354,6
7355,7
7356,4
7357,13
7358,7
7359,7
7360,13
7361,4
7362,4
7363,4
7364,1
7365,16
7366,6
7367,7
7368,15
7369,4
7370,7
7371,13
7372,13
7373,4
7374,16
7375,13
7376,7
7377,7
7378,4
7379,11
7380,6
7381,7
7382,7
7383,6
7384,16
7385,7
7386,7
7387,6
7388,16
7389,6
7390,15
7391,15
7392,4
7393,7
7394,6
7395,11
7396,11
7397,4
7398,7
7399,11
7400,5
7401,6
7402,7
7403,6
7404,16
7405,6
7406,14
7407,6
7408,7
7409,6
7410,7
7411,7
7412,15
7413,13
7414,16
7415,4
7416,6
7417,7
7418,4
7419,5
7420,7
7421,6
7422,4
7423,8
7424,6
7425,6
7426,6
7427,6
7428,7
7429,7
7430,1
7431,6
7432,6
7433,7
7434,4
7435,1
7436,4
7437,4
7438,6
7439,5
7440,17
7441,7
7442,6
7443,10
7444,7
7445,6
7446,6
7447,4
7448,6
7449,6
7450,6
7451,4
7452,4
7453,4
7454,4
7455,4
7456,4
7457,2
7458,2
7459,4
7460,7
7461,1
7462,15
7463,4
7464,15
7465,1
7466,12
7467,16
7468,0
7469,4
7470,14
7471,7
7472,7
7473,4
7474,4
7475,7
7476,4
7477,7
7478,6
7479,6
7480,7
7481,7
7482,15
7483,14
7484,7
7485,7
7486,7
7487,7
7488,4
7489,17
7490,5
7491,6
7492,6
7493,7
7494,4
7495,12
7496,4
7497,6
7498,4
7499,7
7500,7
7501,7
7502,5
7503,13
7504,0
7505,7
7506,6
7507,0
7508,6
7509,15
7510,6
7511,5
7512,7
7513,13
7514,1
7515,4
7516,4
7517,4
7518,5
7519,8
7520,4
7521,8
7522,3
7523,12
7524,4
7525,0
7526,0
7527,0
7528,0
7529,15
7530,4
7531,7
7532,16
7533,0
7534,7
7535,0
7536,0
7537,6
7538,15
7539,7
7540,3
7541,16
7542,15
7543,7
7544,7
7545,7
7546,7
7547,11
7548,7
7549,7
7550,4
7551,7
7552,11
7553,6
7554,4
7555,13
7556,4
7557,4
7558,7
7559,17
7560,7
7561,6
7562,7
7563,17
7564,7
7565,7
7566,6
7567,7
7568,6
7569,13
7570,4
7571,6
7572,6
7573,7
7574,12
7575,6
7576,7
7577,6
7578,0
7579,7
7580,6
7581,7
7582,7
7583,14
7584,6
7585,4
7586,7
7587,6
7588,15
7589,10
7590,10
7591,10
7592,10
7593,10
7594,10
7595,10
7596,10
7597,10
7598,10
7599,10
7600,10
7601,10
7602,5
7603,4
7604,7
7605,10
7606,7
7607,3
7608,4
7609,7
7610,6
7611,4
7612,7
7613,5
7614,13
7615,7
7616,7
7617,7
7618,7
7619,4
7620,7
7621,7
7622,5
7623,7
7624,3
7625,13
7626,4
7627,15
7628,3
7629,13
7630,13
7631,13
7632,12
7633,1
7634,9
7635,0
7636,7
7637,4
7638,1
7639,6
7640,13
7641,8
7642,0
7643,0
7644,6
7645,7
7646,4
7647,7
7648,4
7649,13
7650,11
7651,4
7652,5
7653,7
7654,4
7655,4
7656,13
7657,7
7658,15
7659,6
7660,4
7661,5
7662,15
7663,7
7664,4
7665,6
7666,7
7667,13
7668,7
7669,9
7670,8
7671,4
7672,4
7673,5
7674,6
7675,7
7676,4
7677,6
7678,7
7679,7
7680,5
7681,6
7682,7
7683,7
7684,7
7685,4
7686,7
7687,7
7688,7
7689,15
7690,4
7691,3
7692,15
7693,4
7694,0
7695,4
7696,4
7697,4
7698,7
7699,0
7700,10
7701,15
7702,0
7703,3
7704,4
7705,4
7706,7
7707,13
7708,13
7709,10
7710,3
7711,3
7712,7
7713,4
7714,12
7715,0
7716,4
7717,7
7718,6
7719,7
7720,8
7721,4
7722,4
7723,4
7724,4
7725,4
7726,4
7727,4
7728,4
7729,4
7730,13
7731,4
7732,5
7733,4
7734,7
7735,4
7736,13
7737,4
7738,13
7739,4
7740,10
7741,6
7742,7
7743,7
7744,0
7745,15
7746,11
7747,4
7748,7
7749,7
7750,4
7751,14
7752,14
7753,8
7754,15
7755,7
7756,3
7757,7
7758,7
7759,13
7760,16
7761,15
7762,7
7763,13
7764,4
7765,7
7766,13
7767,13
7768,16
7769,5
7770,5
7771,7
7772,7
7773,9
7774,7
7775,7
7776,4
7777,6
7778,7
7779,4
7780,13
7781,7
7782,7
7783,7
7784,15
7785,6
7786,6
7787,2
7788,7
7789,13
7790,14
7791,4
7792,1
7793,7
7794,5
7795,3
7796,3
7797,7
7798,4
7799,7
7800,16
7801,16
7802,1
7803,16
7804,13
7805,16
7806,4
7807,9
7808,5
7809,5
7810,9
7811,9
7812,11
7813,1
7814,7
7815,7
7816,15
7817,7
7818,10
7819,4
7820,9
7821,7
7822,9
7823,10
7824,13
7825,16
7826,9
7827,15
7828,10
7829,7
7830,7
7831,4
7832,7
7833,4
7834,6
7835,4
7836,15
7837,4
7838,15
7839,9
7840,17
7841,7
7842,8
7843,4
7844,7
7845,7
7846,7
7847,7
7848,7
7849,4
7850,7
7851,7
7852,4
7853,13
7854,5
7855,12
7856,10
7857,7
7858,4
7859,15
7860,13
7861,4
7862,11
7863,7
7864,17
7865,4
7866,7
7867,4
7868,0
7869,0
7870,7
7871,13
7872,9
7873,7
7874,9
7875,7
7876,7
7877,7
7878,13
7879,7
7880,13
7881,7
7882,7
7883,7
7884,4
7885,4
7886,9
7887,12
7888,7
7889,6
7890,7
7891,7
7892,13
7893,7
7894,15
7895,4
7896,4
7897,13
7898,13
7899,7
7900,13
7901,7
7902,5
7903,7
7904,7
7905,7
7906,4
7907,7
7908,7
7909,7
7910,1
7911,10
7912,7
7913,6
7914,5
7915,5
7916,7
7917,13
7918,7
7919,7
7920,15
7921,4
7922,4
7923,10
7924,10
7925,10
7926,7
7927,8
7928,7
7929,4
7930,7
7931,7
7932,0
7933,7
7934,4
7935,5
7936,5
7937,7
7938,10
7939,7
7940,11
7941,4
7942,7
7943,7
7944,5
7945,9
7946,7
7947,13
7948,7
7949,9
7950,4
7951,3
7952,7
7953,6
7954,7
7955,7
7956,13
7957,7
7958,9
7959,3
7960,3
7961,7
7962,15
7963,4
7964,7
7965,10
7966,7
7967,7
7968,4
7969,7
7970,7
7971,8
7972,7
7973,9
7974,7
7975,7
7976,7
7977,7
7978,7
7979,9
7980,7
7981,5
7982,12
7983,13
7984,9
7985,4
7986,9
7987,7
7988,7
7989,11
7990,1
7991,7
7992,7
7993,3
7994,7
7995,4
7996,10
7997,6
7998,7
7999,7
8000,7
8001,7
8002,7
8003,4
8004,13
8005,7
8006,15
8007,7
8008,7
8009,7
8010,7
8011,13
8012,7
8013,7
8014,7
8015,13
8016,4
8017,6
8018,7
8019,7
8020,7
8021,7
8022,7
8023,13
8024,7
8025,5
8026,6
8027,15
8028,7
8029,0
8030,11
8031,7
8032,7
8033,13
8034,7
8035,16
8036,7
8037,7
8038,4
8039,7
8040,7
8041,7
8042,4
8043,11
8044,4
8045,7
8046,7
8047,8
8048,17
8049,4
8050,7
8051,13
8052,7
8053,0
8054,7
8055,7
8056,4
8057,4
8058,7
8059,7
8060,11
8061,6
8062,6
8063,7
8064,6
8065,5
8066,7
8067,13
8068,7
8069,7
8070,7
8071,7
8072,11
8073,11
8074,7
8075,13
8076,12
8077,5
8078,8
8079,4
8080,16
8081,7
8082,6
8083,13
8084,4
8085,7
8086,7
8087,7
8088,7
8089,13
8090,7
8091,7
8092,4
8093,7
8094,7
8095,6
8096,13
8097,6
8098,15
8099,7
8100,7
8101,6
8102,7
8103,5
8104,0
8105,6
8106,6
8107,1
8108,7
8109,7
8110,11
8111,11
8112,6
8113,7
8114,7
8115,7
8116,2
8117,6
8118,7
8119,12
8120,0
8121,0
8122,7
8123,7
8124,4
8125,7
8126,7
8127,1
8128,13
8129,6
8130,6
8131,7
8132,0
8133,6
8134,1
8135,8
8136,3
8137,4
8138,7
8139,7
8140,13
8141,11
8142,4
8143,13
8144,15
8145,7
8146,15
8147,6
8148,15
8149,6
8150,7
8151,13
8152,6
8153,7
8154,1
8155,0
8156,5
8157,13
8158,11
8159,7
8160,5
8161,6
8162,6
8163,7
8164,4
8165,7
8166,14
8167,7
8168,4
8169,7
8170,7
8171,17
8172,7
8173,7
8174,17
8175,6
8176,6
8177,13
8178,13
8179,5
8180,7
8181,13
8182,4
8183,4
8184,7
8185,6
8186,7
8187,6
8188,6
8189,6
8190,7
8191,7
8192,11
8193,3
8194,15
8195,4
8196,6
8197,7
8198,7
8199,1
8200,7
8201,11
8202,1
8203,7
8204,15
8205,6
8206,7
8207,6
8208,6
8209,7
8210,15
8211,6
8212,6
8213,4
8214,7
8215,7
8216,4
8217,6
8218,7
8219,6
8220,4
8221,10
8222,15
8223,6
8224,7
8225,6
8226,6
8227,1
8228,7
8229,11
8230,4
8231,4
8232,7
8233,6
8234,7
8235,15
8236,4
8237,6
8238,6
8239,4
8240,13
8241,6
8242,6
8243,7
8244,4
8245,6
8246,11
8247,6
8248,6
8249,2
8250,4
8251,15
8252,4
8253,4
8254,7
8255,7
8256,7
8257,15
8258,4
8259,7
8260,16
8261,7
8262,6
8263,6
8264,7
8265,7
8266,7
8267,6
8268,6
8269,7
8270,4
8271,13
8272,-1
8273,7
8274,15
8275,7
8276,7
8277,7
8278,7
8279,7
8280,15
8281,6
8282,7
8283,10
8284,6
8285,7
8286,4
8287,6
8288,-1
8289,7
8290,7
8291,2
8292,6
8293,6
8294,7
8295,4
8296,4
8297,7
8298,7
8299,7
8300,3
8301,3
8302,4
8303,1
8304,7
8305,15
8306,7
8307,13
8308,4
8309,4
8310,8
8311,4
8312,15
8313,12
8314,7
8315,7
8316,12
8317,15
8318,1
8319,6
8320,13
8321,6
8322,10
8323,4
8324,2
8325,4
8326,4
8327,7
8328,7
8329,10
8330,7
8331,15
8332,7
8333,10
8334,7
8335,0
8336,5
8337,4
8338,0
8339,7
8340,10
8341,10
8342,10
8343,7
8344,7
8345,13
8346,7
8347,7
8348,7
8349,4
8350,4
8351,6
8352,7
8353,15
8354,7
8355,4
8356,10
8357,3
8358,10
8359,10
8360,10
8361,10
8362,10
8363,3
8364,17
8365,14
8366,4
8367,10
8368,4
8369,4
8370,7
8371,10
8372,15
8373,0
8374,15
8375,10
8376,10
8377,4
8378,4
8379,8
8380,7
8381,10
8382,12
8383,10
8384,15
8385,10
8386,4
8387,1
8388,4
8389,6
8390,4
8391,4
8392,7
8393,16
8394,10
8395,4
8396,7
8397,7
8398,4
8399,4
8400,15
8401,10
8402,7
8403,4
8404,15
8405,15
8406,15
8407,10
8408,10
8409,14
8410,10
8411,10
8412,7
8413,3
8414,10
8415,0
8416,10
8417,10
8418,4
8419,14
8420,10
8421,10
8422,10
8423,10
8424,10
8425,15
8426,12
8427,10
8428,0
8429,4
8430,-1
8431,7
8432,7
8433,7
8434,7
8435,17
8436,17
8437,4
8438,7
8439,7
8440,7
8441,17
8442,7
8443,16
8444,0
8445,17
8446,4
8447,7
8448,11
8449,0
8450,4
8451,17
8452,11
8453,12
8454,1
8455,17
8456,4
8457,4
8458,4
8459,4
8460,17
8461,1
8462,6
8463,4
8464,8
8465,2
8466,4
8467,4
8468,1
8469,7
8470,10
8471,8
8472,14
8473,8
8474,7
8475,0
8476,16
8477,13
8478,0
8479,10
8480,10
8481,0
8482,7
8483,0
8484,7
8485,4
8486,7
8487,0
8488,10
8489,14
8490,4
8491,15
8492,4
8493,12
8494,0
8495,15
8496,14
8497,12
8498,16
8499,14
8500,10
8501,0
8502,4
8503,14
8504,15
8505,5
8506,4
8507,4
8508,4
8509,4
8510,4
8511,11
8512,4
8513,10
8514,1
8515,7
8516,4
8517,8
8518,4
8519,4
8520,0
8521,4
8522,7
8523,7
8524,4
8525,7
8526,10
8527,15
8528,13
8529,4
8530,7
8531,13
8532,4
8533,4
8534,7
8535,5
8536,7
8537,7
8538,10
8539,7
8540,4
8541,7
8542,1
8543,4
8544,6
8545,12
8546,13
8547,7
8548,13
8549,4
8550,12
8551,7
8552,15
8553,5
8554,13
8555,7
8556,1
8557,7
8558,16
8559,14
8560,4
8561,4
8562,4
8563,7
8564,7
8565,15
8566,7
8567,7
8568,4
8569,3
8570,1
8571,4
8572,13
8573,13
8574,4
8575,4
8576,4
8577,4
8578,4
8579,7
8580,13
8581,4
8582,13
8583,8
8584,13
8585,13
8586,7
8587,7
8588,7
8589,7
8590,7
8591,4
8592,4
8593,6
8594,0
8595,7
8596,7
8597,7
8598,7
8599,6
8600,7
8601,4
8602,7
8603,16
8604,4
8605,7
8606,4
8607,11
8608,9
8609,7
8610,7
8611,7
8612,7
8613,6
8614,6
8615,5
8616,4
8617,6
8618,4
8619,4
8620,8
8621,4
8622,4
8623,13
8624,0
8625,4
8626,6
8627,7
8628,15
8629,7
8630,4
8631,12
8632,13
8633,4
8634,16
8635,15
8636,1
8637,4
8638,12
8639,0
8640,15
8641,7
8642,0
8643,0
8644,7
8645,8
8646,4
8647,4
8648,4
8649,4
8650,4
8651,6
8652,4
8653,0
8654,4
8655,4
8656,4
8657,10
8658,10
8659,4
8660,4
8661,14
8662,4
8663,4
8664,4
8665,4
8666,3
8667,13
8668,1
8669,1
8670,10
8671,4
8672,4
8673,4
8674,10
8675,5
8676,14
8677,11
8678,11
8679,3
8680,10
8681,4
8682,0
8683,4
8684,5
8685,7
8686,10
8687,4
8688,4
8689,7
8690,5
8691,10
8692,0
8693,14
8694,1
8695,14
8696,5
8697,1
8698,4
8699,7
8700,5
8701,7
8702,12
8703,7
8704,3
8705,7
8706,17
8707,4
8708,15
8709,12
8710,4
8711,4
8712,13
8713,7
8714,7
8715,4
8716,4
8717,4
8718,7
8719,4
8720,4
8721,7
8722,7
8723,13
8724,3
8725,15
8726,4
8727,4
8728,4
8729,6
8730,4
8731,4
8732,5
8733,1
8734,15
8735,7
8736,4
8737,5
8738,16
8739,15
8740,8
8741,4
8742,7
8743,7
8744,4
8745,11
8746,7
8747,15
8748,0
8749,7
8750,4
8751,15
8752,0
8753,4
8754,15
8755,0
8756,4
8757,15
8758,7
8759,7
8760,4
8761,4
8762,7
8763,4
8764,5
8765,4
8766,4
8767,7
8768,15
8769,4
8770,7
8771,4
8772,10
8773,13
8774,4
8775,7
8776,7
8777,13
8778,0
8779,4
8780,4
8781,7
8782,6
8783,7
8784,7
8785,0
8786,4
8787,4
8788,4
8789,15
8790,13
8791,15
8792,15
8793,4
8794,5
8795,4
8796,13
8797,4
8798,7
8799,14
8800,4
8801,4
8802,7
8803,2
8804,4
8805,0
8806,2
8807,0
8808,4
8809,4
8810,16
8811,1
8812,15
8813,0
8814,7
8815,4
8816,4
8817,15
8818,7
8819,7
8820,5
8821,8
8822,12
8823,15
8824,4
8825,13
8826,4
8827,13
8828,5
8829,7
8830,5
8831,10
8832,4
8833,4
8834,4
8835,7
8836,15
8837,4
8838,7
8839,4
8840,13
8841,4
8842,5
8843,5
8844,15
8845,13
8846,0
8847,4
8848,0
8849,7
8850,7
8851,4
8852,4
8853,15
8854,7
8855,7
8856,7
8857,4
8858,4
8859,1
8860,5
8861,5
8862,0
8863,3
8864,7
8865,7
8866,7
8867,0
8868,15
8869,4
8870,4
8871,15
8872,12
8873,-1
8874,0
8875,7
8876,4
8877,7
8878,3
8879,0
8880,7
8881,7
8882,4
8883,0
8884,7
8885,7
8886,15
8887,7
8888,15
8889,0
8890,15
8891,6
8892,0
8893,14
8894,7
8895,4
8896,0
8897,4
8898,4
8899,5
8900,7
8901,4
8902,7
8903,15
8904,7
8905,7
8906,14
8907,4
8908,-1
8909,15
8910,15
8911,4
8912,12
8913,15
8914,0
8915,5
8916,7
8917,15
8918,15
8919,14
8920,6
8921,7
8922,13
8923,7
8924,4
8925,13
8926,4
8927,7
8928,4
8929,6
8930,12
8931,7
8932,4
8933,4
8934,13
8935,6
8936,15
8937,4
8938,7
8939,5
8940,7
8941,5
8942,16
8943,15
8944,7
8945,16
8946,6
8947,7
8948,13
8949,7
8950,6
8951,7
8952,7
8953,7
8954,7
8955,4
8956,7
8957,7
8958,7
8959,-1
8960,6
8961,6
8962,7
8963,7
8964,7
8965,7
8966,4
8967,14
8968,13
8969,4
8970,4
8971,13
8972,4
8973,7
8974,4
8975,4
8976,7
8977,4
8978,13
8979,4
8980,7
8981,7
8982,4
8983,0
8984,13
8985,0
8986,4
8987,7
8988,7
8989,13
8990,7
8991,4
8992,13
8993,13
8994,7
8995,13
8996,1
8997,7
8998,13
8999,4
9000,13
9001,14
9002,7
9003,7
9004,7
9005,7
9006,7
9007,1
9008,4
9009,4
9010,7
9011,3
9012,13
9013,13
9014,7
9015,3
9016,7
9017,7
9018,4
9019,1
9020,3
9021,7
9022,7
9023,7
9024,7
9025,4
9026,8
9027,4
9028,4
9029,-1
9030,4
9031,7
9032,7
9033,13
9034,-1
9035,4
9036,7
9037,7
9038,7
9039,7
9040,7
9041,7
9042,4
9043,3
9044,4
9045,0
9046,4
9047,4
9048,4
9049,10
9050,7
9051,13
9052,7
9053,13
9054,4
9055,0
9056,13
9057,4
9058,7
9059,4
9060,15
9061,0
9062,12
9063,4
9064,7
9065,4
